"SKU","Product","Manufacturer","EAN","ProductGroup","PriceEuro","Qty"
"4bb26587196b49548704d4d251f88853","Stojak na s³uchawki Marvo HZ-04, HUB x 4 USB, LED","Marvo","6932391921968","Accessories/Audio Photo Video Accessories","13.19","20"
"eb32d095d2ee488dbcfcc6827bb1c2be","Stojak na s³uchawki Marvo KOBE 30, HUB USB, LED","Marvo","6932391933619","Accessories/Audio Photo Video Accessories","8.34","7"
"dc4f0b32fe284c5e946907f75062048f","Biurko gamingowe komputerowe Huzaro Hero 5.0 White","Huzaro","5907564629850","Accessories/Gaming Accessories","64.31","1"
"bb06b716421b44bd8b1694b0394d8bcf","Biurko gamingowe komputerowe Huzaro Hero 2.5 White","Huzaro","5907564629959","Accessories/Gaming Accessories","52.43","6"
"c65dafb4093345d799b2bf8afa9e427f","Biurko gamingowe komputerowe Huzaro Hero 5.0 RGB","Huzaro","5903796010473","Accessories/Gaming Accessories","92.11","6"
"98b64b65f52a44a784a23ebf7009cd36","Biurko gamingowe Huzaro Hero 6.0 White","Huzaro","5903796011289","Accessories/Gaming Accessories","59.22","8"
"c255682df1fc408fb5fdfd0ba637149b","Biurko elektryczne Hero 8.5","Huzaro","5903796011029","Accessories/Gaming Accessories","125.39","9"
"685973e47d524f0e80b443942512ef2a","Biurko gamingowe komputerowe Huzaro Hero 1.6 Black","Huzaro","5903796012484","Accessories/Gaming Accessories","42.25","12"
"55370035d81e455cb3753e4e9ed4f23f","Fotel gamingowy dla dziecka Huzaro Ranger 6.0 Blue","Huzaro","5903796010220","Accessories/Gaming Accessories","93.68","11"
"07b20eb2ec9b41e18f1eafe25f816d24","Fotel gamingowy dla dziecka Huzaro Ranger 6.0 Pixel Mesh","Huzaro","5903796010565","Accessories/Gaming Accessories","81.27","5"
"c8120e8e8585427f8a5411e4df9a333a","Fotel gamingowy dla dziecka Huzaro Ranger 6.0 Pink","Huzaro","5903796010237","Accessories/Gaming Accessories","72.79","8"
"92699fdca07e4237a19d7cf908a4b024","Fotel gamingowy dla dziecka Huzaro Ranger 6.0 Grey Mesh","Huzaro","5903796010251","Accessories/Gaming Accessories","98.24","11"
"e24d3922807c43ff834590442b2cbb33","Fotel gamingowy Huzaro Force 2.5 BLUE MESH","Huzaro","5903796010527","Accessories/Gaming Accessories","82.97","12"
"0ef36647637743528e87093bbbeaed2b","Fotel gamingowy Huzaro Force 2.5 WHITE MESH","Huzaro","5903796010749","Accessories/Gaming Accessories","66.00","2"
"b71f725573334419820482b2ec782380","Fotel gamingowy dla dziecka Huzaro Ranger 1.0 Pixel Mesh","Huzaro","5903796010657","Accessories/Gaming Accessories","60.91","3"
"72cc1168d0784d7d92b6bafdea33587a","Fotel gamingowy Huzaro Combat 5.0 Black","Huzaro","5903796010824","Accessories/Gaming Accessories","77.88","1"
"9161783886b549738dd154750b1cfbb4","Fotel gamingowy Huzaro Combat 8.0 Carbon Black","Huzaro","5903796011265","Accessories/Gaming Accessories","144.05","5"
"0041b5d46d6e440fb7ccba035509bcde","Fotel gamingowy Huzaro Combat 8.0 White ","Huzaro","5903796011272","Accessories/Gaming Accessories","127.09","6"
"516f6d691c7540e8b266748714b07024","Fotel gamingowy Huzaro FORCE 4.7 Camo Mesh","Huzaro","5903796011548","Accessories/Gaming Accessories","93.15","4"
"3da20287114b46ec9f2f980a240cfc0b","Fotel gamingowy Huzaro Combat 5.0 Grey","Huzaro","5903796010817","Accessories/Gaming Accessories","77.88","10"
"bdf8d7c16942482197a56d241b50d3d9","Fotel gamingowy Huzaro FORCE 2.5 Red Mesh","Huzaro","5903796013580","Accessories/Gaming Accessories","61.29","9"
"fdd7a4ea6c90418e99b1967486ddadc2","Fotel Gamingowy Huzaro Force 6.2 Red Mesh","Huzaro","5903796013009","Accessories/Gaming Accessories","88.06","7"
"80dff0036b294f5fa5bf41a229c99aff","Fotel Gamingowy Huzaro Force 6.2 White Mesh","Huzaro","5903796012989","Accessories/Gaming Accessories","93.15","9"
"735e811d19114316a8b4019873c07a15","Fotel Gamingowy Huzaro Force 6.2 Black RGB","Huzaro","5903796013030","Accessories/Gaming Accessories","106.73","3"
"aa3fd1840ae3439fbb5d616731ca1b24","Fotel Gamingowy Huzaro Force 6.2 Mesh RGB","Huzaro","5903796013047","Accessories/Gaming Accessories","118.60","14"
"c6d13dc75c4747e5924f8ce315bf6ef6","Fotel gamingowy Huzaro Force 4.4 Carbon","Huzaro","5903796013153","Accessories/Gaming Accessories","82.97","9"
"94e722b434db4d05aabd289ada187366","Fotel gamingowy Huzaro Force 4.4 Grey Mesh","Huzaro","5903796013177","Accessories/Gaming Accessories","72.79","7"
"e0567a25d41a419cb1e90195c1c61fea","Fotel gamingowy Huzaro Force 4.4 RGB White","Huzaro","5903796013184","Accessories/Gaming Accessories","91.45","1"
"ea080010620a4b69ae6620ba4c92a645","Fotel gamingowy Huzaro Force 4.4 RGB Black Mesh","Huzaro","5903796013160","Accessories/Gaming Accessories","87.21","3"
"a5eb3d89ac5f4b269a6226d40b5d45d5","Fotel gamingowy Huzaro Force 4.4 Red Mesh","Huzaro","5903796013146","Accessories/Gaming Accessories","77.88","8"
"6de16435de584cc4b7742e54d7f17bd0","Fotel gamingowy Huzaro Force 4.4 White Mesh","Huzaro","5903796013191","Accessories/Gaming Accessories","77.88","6"
"35f253e8e0f947a9b3cd987e1fcf1086","Fotel gamingowy Huzaro Force 2.5 RGB White Mesh","Huzaro","5903796017632","Accessories/Gaming Accessories","82.97","6"
"76e947cf6fc34136bc45ad6704e8fd0a","Fotel gamingowy Huzaro COMBAT 6.2 Black RGB","Huzaro","5903796016024","Accessories/Gaming Accessories","111.82","3"
"7024675a4a474f938544d8a5bd84c3f3","Memory card reader Silicon Power USB-C 3.2 Gen 1 microSDblack ","Silicon Power","4713436159674","Accessories/Memory Card Readers","3.24","13"
"da301c9c47ab4f2a8d1686e155a4e72a","Case on Apple iPhone 15 z MagSafe- 3mk HARDY MagFabric Case Taupe","3mk Protection","5903108546195","Accessories/Mobile Accessories","6.68","10"
"3d9f05c81b36475399df644331dfc783","Case on Apple iPhone 15 Pro Max - 3mk Silicone Case, black ","3mk Protection","5903108527736","Accessories/Mobile Accessories","2.89","10"
"9a605533ba0b4865958678908f5c3bf0","Filtr prywatyzuj¹cy, elektroststyczny - 3mk Privacy filter for MacBook Pro 14" 2021","3mk Protection","5903108573566","Accessories/Monitor, PC and TV Accessories","31.07","9"
"821f255528c2491a900ebb597fe48fe8","Wall bracket LCD/LED Techly 40"-65", 50 kg slim","Techly","8051128107685","Accessories/Monitor, PC and TV Accessories","11.83","1"
"5fc484f9f3c143c5a03f96ccecdb22e6","Stojak / Podstawka LCD/LED Techly 32"-55", 40kg, regulowany","Techly","8059018364101","Accessories/Monitor, PC and TV Accessories","28.22","1"
"59561b8515d746baa901c2a0400b7726","Stojak mobilny Techly TV 55-86" do 80kg regulowany pó³ka AV","Techly","8059018367744","Accessories/Monitor, PC and TV Accessories","177.92","1"
"cbfbdb031f29466c92eeaf61c68971c5","Stojak mobilny Techly TV 65-100" do 100kg regulowany pó³ka AV","Techly","8059018367775","Accessories/Monitor, PC and TV Accessories","206.84","1"
"223dd83d6ea04a2c9be32ead235c846a","Case ASUS Tinker 2 Fanless Aluminum Case","Asus","4711081523697","Accessories/Motherboard Accessories","9.44","4"
"60fc8ce5394e4a669d1c8703f5dd051d","Case ASUS Tinker Fanless Aluminum Case","Asus","4711387384428","Accessories/Motherboard Accessories","17.49","5"
"9106dc4a158342c2b3c9d5fef0ae9b1f","Radio na korbkê Adler AD 1197","Adler","5905575900678","Audio Foto Video/Amplifiers and Radio Receiver","14.47","1"
"7e5e77517ecf497da1a9267617cb1983","Car radio Xblitz RF 100 ","Xblitz","5902479673189","Audio Foto Video/Car Audio","17.77","12"
"07a322bbcaad44cea3c382c529fd9896","Dashboard camera Xblitz V4 Professional","Xblitz","5902479674902","Audio Foto Video/Car Video Recorders","51.83","2"
"0910b136830143208de854c5d6b900af","Dashboard camera Xblitz A2 GPS kamera samochodowa","Xblitz","5902479675916","Audio Foto Video/Car Video Recorders","37.02","19"
"60e7d5bfa62e4dd6b39609055c3283a4","Dashboard camera Xblitz Platinum 4K ","Xblitz","5902479674131","Audio Foto Video/Car Video Recorders","44.44","6"
"f96b6d863f274305b27db4fb36f3386b","Headphones with a microphone Natec Droneblack ","Natec","5908257124614","Audio Foto Video/Headphones","3.35","9"
"b85d4079d7054e4ea9e1e6049152a73d","Headphones with a microphone Natec Bear 2black ","Natec","5901969411430","Audio Foto Video/Headphones","4.61","26"
"a5c9531a9e6a466097213cef5c2f67a3","Headphones with a microphone Poly Blackwire 5220 Stereo USB-C Headset + 3,5mm jack + adapter USB-C/A","Poly","0197498429441","Audio Foto Video/Headphones/Headphones - Call Center","47.88","1"
"edfa0c64896747939b59fa05e39d9103","Wireless headphones Poly VOY 4320 USB-A HS +BT700","Poly","0197029504548","Audio Foto Video/Headphones/Headphones - Call Center","77.54","17"
"319b58823cb64484bc0644830d149dda","Headphones with a microphone Poly Blackwire 3225 Stereo USB-C + 3,5mm jack + adapter USB-C/A (Bulk)","Poly","0197498433080","Audio Foto Video/Headphones/Headphones - Call Center","32.78","45"
"caa90e0979ee44c9a19135d8fa2b8e13","Headphones with a microphone Defender SCRAPPER 500 Gaming czerwono-black  + adapter 4 pin + GRA","Defender","4714033645003","Audio Foto Video/Headphones/Headphones - Gaming","10.04","19"
"561ee8104eb94c008388f3edf5c6e05c","Headphones with a microphone Defender SCRAPPER 500 Gaming niebiesko-black  + adapter 4 pin + GRA","Defender","4714033645010","Audio Foto Video/Headphones/Headphones - Gaming","10.04","12"
"79e954d4bf7c45048ae97a9aa158f32e","Headphones with a microphone Modecom MC-839 SWORD Gaming","Modecom","5901885248769","Audio Foto Video/Headphones/Headphones - Gaming","12.13","4"
"5c637a8b02ca4514828a042db97d55e0","Headphones with a microphone Modecom MC-859 BOW Gaming","Modecom","5901885248745","Audio Foto Video/Headphones/Headphones - Gaming","19.77","2"
"45eccefa7771483fa0768b103ee6bdcb","Headphones with a microphone Marvo HG8936 dla dziewczyny, pastelowy ró¿","Marvo","6932391904626","Audio Foto Video/Headphones/Headphones - Gaming","9.38","15"
"391933c20804420ea78338df2335a27a","Headphones with a microphone Rebeltec THOR 7,1 Gaming stereo USB","Rebeltec","5902539601244","Audio Foto Video/Headphones/Headphones - Gaming","11.34","17"
"87a97de75d0a42d0826c38ceaf7ef52f","Microphone przewodowy Marvo MIC-05 Gaming, RGB, Magic Voice, Port USB","Marvo","6932391923450","Audio Foto Video/Microphones","11.44","15"
"55c3a0b44cfe43b091b9ec3f1a5789a2","Microphone przewodowy Marvo MIC-06 WH Gaming RGB","Marvo","6932391930069","Audio Foto Video/Microphones","10.01","15"
"9542c8b4bdee4381849bc2a286ac3883","Microphone Natec Asp","Natec","5901969412055","Audio Foto Video/Microphones","4.73","17"
"5a6219b3d21c45179cbdd9d0f01ba2dc","Microphone Natec Bee","Natec","5901969417265","Audio Foto Video/Microphones","1.46","9"
"38cd317f93824526878e803d54929e09","Microphone Natec Giraffe 2black ","Natec","5901969425345","Audio Foto Video/Microphones","4.18","8"
"14bd340e45654ece8b862f973f1ee9b9","Internet radio Kruger&Matz KM0816","Kruger&Matz","5901890035637","Audio Foto Video/MP3 Player","86.24","3"
"e1f40e7c434a442184cd553913d95550","Speakers Defender SPK-270 2.0 10W USB black  ","Defender","4745090820188","Audio Foto Video/Speakers/Speakers 2+0","17.12","28"
"21704cc86ef844dea567857b7e02f045","Speakers komputerowe Marvo HAVOC 20GY RGB ","Marvo","6932391936955","Audio Foto Video/Speakers/Speakers 2+0","7.56","13"
"41c9726ed6c84a84af426a3d16876bd4","Speakers komputerowe Marvo HAVOC 20BK RGB ","Marvo","6932391936719","Audio Foto Video/Speakers/Speakers 2+0","7.56","17"
"b24f8f48d13942668808bde281e1e48a","Speaker Defender Q1 Bluetooth 10W BT/FM/TF/USB/AUX/TWS/LED","Defender","4745090820195","Audio Foto Video/Speakers/Speakers Single and others","10.73","22"
"d3ad0e116fc64c10baf6737681111fdf","Bluetooth speaker Gogen BPS736CD z CD","GoGEN","8590393343881","Audio Foto Video/Speakers/Speakers Single and others","111.39","26"
"425da0cabc1148d085a118aa2ba51fc0","Bluetooth speaker GoGEN - BPS340","GoGEN","8590393269761","Audio Foto Video/Speakers/Speakers Single and others","30.16","1"
"01bb831a20c841fbbbb83a903d9436dd","G³oniki Tracer XtremeBeat Mid Bluetooth","Tracer","5907512875193","Audio Foto Video/Speakers/Speakers Single and others","16.52","8"
"ea6d47ce022245eb923c8db9c252b47f","TV Kruger&Matz KM0224-T4 24" HD DVB-T2 H.265 230/12V","Kruger&Matz","5901890100953","Audio Foto Video/TV","85.33","1"
"3d19bdf8e8ba48e08a373e58d192ce02","TV Kruger&Matz KM0232-S6 32" HD smart DVB-T2/S2 H.265 HEVC","Kruger&Matz","5901890094948","Audio Foto Video/TV","113.38","2"
"7e3833af719a4eb6b37d0ced0efeeab5","TV Kruger&Matz KM0232-T5 32" HD DVB-T2 H.265 HEVC","Kruger&Matz","5901890102704","Audio Foto Video/TV","101.36","4"
"71721ca4f4a4451e851312c7cb94331f","TV Kruger&Matz 32" HD Google TV, DVB-T2/S2/T/C H.265 HEVC","Kruger&Matz","5901890065450","Audio Foto Video/TV","127.05","3"
"723b72effdbe4661b0a7047397e3e6c7","TV Kruger&Matz 40" FHD Google TV, DVB-T2/S2/T/C H.265 HEVC","Kruger&Matz","5901890066105","Audio Foto Video/TV","161.94","2"
"61b9ba7220ca4774bb6ca2330b7ef760","TV Kruger&Matz 40" FHD VIDAA, DVB-T2/S2/T/C H.265 HEVC","Kruger&Matz","5901890079884","Audio Foto Video/TV","177.48","1"
"b19f4d352e5949169aff8bb80b00a8ef","TV Kruger&Matz 43" FHD Google TV, DVB-T2/S2/T/C H.265 HEVC","Kruger&Matz","5901890103374","Audio Foto Video/TV","190.23","1"
"81b985df54c64cae9479db1a7cfcd3c6","TV Kruger&Matz 50" UHD Google TV, DVB-T2/S2/T/C H.265 HEVC","Kruger&Matz","5901890066129","Audio Foto Video/TV","264.48","1"
"7eec807c76cf4b1487bd4c1fd8e1bc5d","Webcam Logitech C922 PRO STREAM 1080P FullHD Black","Logitech","5099206066977","Audio Foto Video/Webcams","52.95","26"
"570ef664061b4cb99df6a6ed680d00a8","Webcam Verbatim AWC-02 1080p FHD USB 2.0 z mikrofonem i podwietleniem LEDblack ","Verbatim","0023942495796","Audio Foto Video/Webcams","19.53","8"
"163c1e1ee87947d8a06c4e267038049f","Alcaline batteries Esperanza EZB105 LR54 AG10 10pcs. ","Esperanza","5901299957936","Batteries ,  Chargers and Converters/Batteries","0.52","162"
"498327e0fb80419c8b5cb485545b5d5a","Akumulatorki AA Esperanza 2000mAh pcs. ¿ó³te","Esperanza","5901299923382","Batteries ,  Chargers and Converters/Batteries","4.78","90"
"8b7d3722e1414b76b66b7812407a74e7","Akumulatorki AAA Esperanza 1000mAh pcs. mix kolorów","Esperanza","5901299923436","Batteries ,  Chargers and Converters/Batteries","2.86","74"
"e64b87c2b4ba4a39874dbeee8db78012","£adowarka sieciowa 3mk Hyper GaN PD Charger 65W USB-C USB-A","3mk Protection","5903108640107","Batteries ,  Chargers and Converters/Chargers","17.33","18"
"f9989168d3b24ccd984103c9dce52044","Powerbank 3mk MagSynergy 5000 mAh","3mk Protection","5903108552486","Batteries ,  Chargers and Converters/Power Bank","20.00","7"
"7161460548f6457db64dff0c97c4e625","Powerbank 3mk PastelUp 10,000mAh 22.5W USB 1A1C - Black","3mk Protection","5903108583176","Batteries ,  Chargers and Converters/Power Bank","19.69","33"
"1d79bb3c87de482ea355fe01fe6c97ae","Powerbank 3mk PastelUp 10,000mAh 22.5W USB 1A1C - Blue","3mk Protection","5903108583237","Batteries ,  Chargers and Converters/Power Bank","19.74","11"
"7e7863aab4644b3ca5b7470cf45c78b7","P³yty BD-R DL Verbatim 50GB 6x Wide Printable - No ID Brand (spindle 25)","Verbatim","0023942437499","Blank Discs/Blue-Ray Discs","63.66","16"
"8f7df64764ca433d91e7e0ce4ee4f36b","P³yty BD-R DL Verbatim 50GB 6x Wide White Thermal Printable - No ID Brand (spindle 25)","Verbatim","0023942437505","Blank Discs/Blue-Ray Discs","62.72","11"
"384981b5cd544838bf7f2042838382ba","P³yty CD-R Verbatim 700MB DL+ AZO Thermal Printable Medi Disc No ID (cake 50)","Verbatim","0023942437567","Blank Discs/CD-R Discs","9.99","18"
"168d7e20884e4f28a67b73c5123c6a51","P³yty DVD-R Verbatim 4,7GB  16x Cake 50 szt Nadruk Waterproof","Verbatim","0023942437345","Blank Discs/DVD-, +R Discs","32.53","209"
"8039f869ccd74d4392e7af7155ca6b08","P³yty DVD+R DL Verbatim DataLife Plus 8.5GB 8x Wide Thermal Printable (Spindle 50)","Verbatim","0023942437543","Blank Discs/DVD-, +R Discs","42.94","52"
"9f2673fbc1c2424b806b031966c41d7f","Adaptertravel Verbatim Charge 'n' Travel GaN III globalny 4xUSB-C PD 3.0 QC 4+ 70W, 1xUSB-A QC 4+ 60W","Verbatim","0023942321279","Computer Cable and AV/Computer Cable Adapters","38.38","91"
"109aa8304c7b44a69e1ec49458b7be7f","Cable USB 2.0 Manhattan Typ-C M/M 1m 60W 3A PD QC 480Mbps 1m","Manhattan","0766623353342","Computer Cable and AV/USB Cables","3.79","1"
"b72ea241f9b547fa863a2699177d464e","Obudowa Modecom Volcano Stellar ARGB MIDI 5F, czarna","Modecom","5907544120018","Computer Cases/Computer Cases ATX","79.66","3"
"1867163258364201a209dea223a7be56","Case Rampage Hydra V1 4x wentylator USB-C/USB-A + hub, white ","Rampage","8680096129599","Computer Cases/Computer Cases ATX","109.42","1"
"9f39005c22cc4ac7a707d279f9bf5ad3","Case Rampage Hydra V1 4x wentylator USB-C/USB-A + hub, black ","Rampage","8680096129582","Computer Cases/Computer Cases ATX","109.42","2"
"cf7ee534380a404f8f528698103472cb","Scanner Canon LiDE 300","Canon","4549292119770","Computer Scanners /Office Scanners","54.84","50"
"07f307f490e04ca9a0efa56be1c2449f","Computer AiO Asus A5702WVARK-BPE014W 27"FHD/Core 7 150U/16GB/SSD512GB/Intel Graphics/W11","Asus","4711387567999","Computers and Workstations/AiO","720.57","20"
"5205e8e346f545bab6110c6602cdbede","Computer ADAX LIBRA Student AIO 23,8'' WXIPC12400 i5-12400/H610/16GB/512GB/Wi-Fi/BT/W11Px64_EDU/3Y","Adax","5906496006593","Computers and Workstations/AiO","534.33","7"
"6c7af10b764042578790fa25438d16b9","Computer ADAX LIBRA AIO 23,8'' WXIPC12100 i3-12100/H610/16GB/512GB/Wi-Fi/ BT/W11Px64_EDU/3Y","Adax","5906496006586","Computers and Workstations/AiO","522.08","7"
"596fefbee615448ab49cf446c4b7924a","Computer ADAX VERSO AIO 23,8'' WXIPC14400 i5-14400/H610/32GB/1TB/Wi-Fi/BT/W11Px64/3Y","Adax","5906496006678","Computers and Workstations/AiO","702.93","2"
"d862e2165ac84976a28e23cf011e73cf","Computer Dell Vostro 3030 SFF i5-12400/16GB/SSD1TB/UHD730/WiFi/BT/11PR 3Y ProSupport","Dell","","Computers and Workstations/Desktop PC","514.86","7"
"98d4ef39703f464095b5a835674ce1fe","Computer Dell Vostro 3030 MT i5-14400/8GB/SSD512GB/UHD730/WiFi/11PR 3Y","Dell","","Computers and Workstations/Desktop PC","521.30","16"
"11b0ff858e77472086664d5eb242e945","Computer Dell Vostro 3030 MT i5-14400F/16GB/SSD1TB/RTX4060-8GB/WiFi/BT/11PR 3Y ProSupport","Dell","5902002262439","Computers and Workstations/Desktop PC","816.72","6"
"cb80eacc86b5495eb977c3a5cfc365db","Computer Dell Optiplex 7020 MT i3-14100/8GB/SSD512GB/UHD730/DVD-RW/11PR 3Y ProSupport","Dell","5902002258937","Computers and Workstations/Desktop PC","520.90","3"
"4596c9215e814955b95805812bf52216","Computer PC HP Pro 400 G9 TOWER i5-13500/16GB/SSD512GB/UHD770/DVD/11PR 3Y","HP","0198122524839","Computers and Workstations/Desktop PC","567.51","10"
"df3291da5a1948da82c5ae2c201899e1","Computer PC Lenovo ThinkCentre M75q Ryzen 7 Pro 8700GE/32GB/SSD1TB/Radeon/11PR Black 3Y","Lenovo","0198153739004","Computers and Workstations/Desktop PC","753.90","2"
"7e8d38b526c44b1ab09ca70e6090c620","Computer PC Lenovo ThinkCentre Neo 50t G5 TW i3-14100/8GB/SSD256GB/UHD730/DVD/WIFI/BT/11PR Black 3Y","Lenovo","0198154069636","Computers and Workstations/Desktop PC","391.83","18"
"e863c974cfda45019630d808db16a9a9","Computer PC Lenovo ThinkCentre Neo 50t G5 i7-14700/16GB/SSD1TB/UHD770/11PR Black 3Y","Lenovo","0198154077051","Computers and Workstations/Desktop PC","717.19","3"
"6742f063266b4a4e861f6b74d2d11d48","Computer PC Lenovo Legion T5 26IRB8 i5-14400F/32GB/SSD1TB/RTX4060Ti-8GB/WiFi/BT/W11 Storm Grey 2Y","Lenovo","0197530773785","Computers and Workstations/Desktop PC","980.93","1"
"7e0d1ea7dca844b285cebe80b9753039","Computer ADAX DRACO R5500 R5-5500/B450/16GB/1TB/GTX1660S-6GB/3Y","Adax","5906496005497","Computers and Workstations/Desktop PC","868.15","1"
"a94bc5019fd54a4d811b4abacd7499f8","Computer ADAX DRACO EXTREME R5600X R5-5600X/B450/16GB/500GB/RTX2060-12GB/3Y","Adax","5906496005688","Computers and Workstations/Desktop PC","873.79","4"
"78c3405415f8487badb17fe1d638f5f4","Computer ADAX DRACO EXTREME WXIHR5600X R5-5600X/A520/16GB/1TB/RTX4060-8GB/W11Hx64/3Y","Adax","5906496007910","Computers and Workstations/Desktop PC","801.69","10"
"3442daad5b2042b79fa0f294e5201200","Computer ADAX DRACO EXTREME WXIHC12400F i5-12400F/H610/16GB/1TB/RTX4060-8GB/W11Hx64/3Y","Adax","5906496007927","Computers and Workstations/Desktop PC","797.93","10"
"5bd11547e0d1435a9eb3fa106a9d2f9b","Computer ADAX DRACO EXTREME WXIHR5700X R7-5700X/B550/32GB/1TB/RTX4060-8GB/W11Hx64/3Y","Adax","5906496007934","Computers and Workstations/Desktop PC","951.62","10"
"e881b325532d453ea463066a6de4ec86","Computer ADAX DRACO EXTREME WXIHC14400F i5-14400F/B760/32GB/1TB/RTX4060-8GB/Wi-Fi/BT/W11Hx64/3Y","Adax","5906496007941","Computers and Workstations/Desktop PC","946.31","4"
"9dccab400f2040299fd9985743517e53","Computer ADAX DRACO SUPREME WXIHC14400F i5-14400F/B760/32GB/1TB/RTX5070-12GB/Wi-Fi/BT/W11Hx64/3Y","Adax","5906496007958","Computers and Workstations/Desktop PC","1385.73","10"
"15d03f02983c477cbb989de5565e7196","Computer ADAX DRACO SUPREME WXIHR7700X R7-7700X/B650/64GB/1TB/RTX5070-12GB/Wi-Fi/BT/W11Hx64/3Y","Adax","5906496008016","Computers and Workstations/Desktop PC","1736.26","10"
"9d7168546ee74a2695098d6bd431c4bf","Computer ADAX DRACO SUPREME WXIHC14400F i5-14400F/B760/32GB/1TB/RTX5070-12GB/Wi-Fi/BT/W11Hx64/3Y V2","Adax","5906496008115","Computers and Workstations/Desktop PC","1391.02","4"
"c88acbe0483c467fa82b505821c6686f","Komputer ADAX DRACO EXTREME WXIHC12400F i5-12400F/B760/16GB/1TB/RTX4060-8GB/Wi-Fi/BT/W11Hx64/3Y V2","Adax","5906496008733","Computers and Workstations/Desktop PC","932.21","5"
"10f38a98b773417ea270e8a2a34f39aa","Komputer ADAX DRACO EXTREME WXIHR5600X R5-5600X/B550/16GB/1TB/RTX4060-8GB/Wi-Fi/BT/W11Hx64/3Y","Adax","5906496008740","Computers and Workstations/Desktop PC","944.58","5"
"f33e6d8964af4c40a9244c7251aa4167","Computer ADAX DRACO EXTREME C13400F i5-13400F/B760/16GB/1TB/RTX4060-8GB/WiFi/BT","Adax","5905490393777","Computers and Workstations/Desktop PC","827.39","6"
"6a416c807e41434a867334ee17b8d2b7","Komputer ADAX DRACO EXTREME WHITE WXIHC13400F i5-13400F/B760/32GB/1TB/RTX4060Ti-8GB/WiFi/BT/W11Hx64/3Y","Adax","5905490395627","Computers and Workstations/Desktop PC","1150.40","6"
"7df3801769544dc783e0a04a27abca2b","Computer ADAX LIBRA BASE WXIPC12100 i3-12100/H610/16GB/512GB/Wi-Fi/BT/W11Px64_EDU/3Y","Adax","5906496006616","Computers and Workstations/Desktop PC","344.01","6"
"f5170b65927341fa913167d846ebd7d5","Computer ADAX LIBRA WXIPR5600G R5-5600G/A520/16GB/1TB/Wi-Fi/BT/W11Px64_EDU/3Y","Adax","5906496006685","Computers and Workstations/Desktop PC","402.22","5"
"ebe8d802f071412fa35bbed190217e31","Computer ADAX DARK VISION LE i5-13500/B760/DDR5-32GB/1TB/RTX4070-12GB/WiFi/BT/3Y","Adax","5905490398215","Computers and Workstations/Desktop PC","1522.29","2"
"0120b2d276ca4ff4a30a0c1d3f88b65f","Computer ADAX DARK VISION LE R5-7600X/B650/DDR5-32GB/1TB/RTX4070-12GB/WiFi/BT/3Y","Adax","5905490398222","Computers and Workstations/Desktop PC","1525.13","2"
"d8d1e6208ab049aebd233301c75eb896","Computer ADAX PICTOR WXIPC14700 i7-14700/B760/32GB/1TB/T1000-8GB/Wi-Fi/BT/W11Px64/3Y","Adax","5906496006630","Computers and Workstations/Desktop PC","1322.75","2"
"46f3fc42999140a2b47dfa0810c94cc0","Computer ADAX VERSO BASE WXIHC12100 i3-12100/H610/8GB/500GB/W11Hx64","Adax","5906496008009","Computers and Workstations/Desktop PC","362.79","6"
"03ab9c52d411491bb1a7f510b8d47d09","Computer ADAX VERSO WXPC12400 i5-12400/H610/16GB/1TB/W11Px64/3Y","Adax","5905490398154","Computers and Workstations/Desktop PC","461.23","1"
"20557bdc64c341e6bab9ff7266302087","Computer ADAX VERSO AI WXPR8600G R5-8600G/B650/32GB/1TB/W11Px64","Adax","5906496002236","Computers and Workstations/Desktop PC","612.31","8"
"86efe988ec1a4ac3a4ff99bf04fa0ff5","Komputer ADAX VERSO WXIPC12400 i5-12400/H610/16GB/1TB/W11Px64","Adax","5906496009129","Computers and Workstations/Desktop PC","439.57","10"
"9f4e6305cdb540a792efec143adda87b","Computer ADAX VERSO MINI WXPC12100 C3-12100/H610/8GB/SSD500GB/WiFi/BT/W11Px64","Adax","5904261079698","Computers and Workstations/Desktop PC","528.16","1"
"0556904fc8374f73bd51465e87d96f31","Processor AMD Ryzen 3 3200G S-AM4 3.60/4.00GHz BOX","AMD","0730143309851","CPU/AMD","45.66","7"
"595750ef6b0f42f7863dede6d6c358a9","Processor AMD Ryzen 3 4100 S-AM4 3.80/4.00GHz BOX","AMD","0730143314060","CPU/AMD","53.63","14"
"8c69af9f4737429fa71d6056ab4ffff8","Processor AMD Ryzen 5 5600T S-AM4 3.50/4.50GHz BOX","AMD","0730143316651","CPU/AMD","90.25","9"
"08a5d99ad049421eba1a5bf80a62e52a","Processor AMD Ryzen 5 7600X S-AM5 4.70/5.30GHz BOX","AMD","0730143314442","CPU/AMD","144.26","31"
"ba456d5af53644ecb955767104239e2a","Processor AMD Ryzen 5 9600X S-AM5 3.90/5.40GHz BOX","AMD","0730143315609","CPU/AMD","170.52","14"
"c3438002596e41089d82077f83755101","Processor AMD Ryzen 7 5700G S-AM4 3.80/4.60GHz BOX","AMD","0730143313377","CPU/AMD","116.64","88"
"1902e388aec84987a6cc3d13832ac4d4","Processor AMD Ryzen 7 7700X S-AM5 4.50/5.40GHz WOF","AMD","0730143314428","CPU/AMD","223.67","3"
"1bdef2f16461414ab75f67d64b1ff0d6","Processor AMD Ryzen 7 9700X S-AM5 3.80/5.50GHz BOX","AMD","0730143315593","CPU/AMD","253.46","6"
"eca5e1d5e84b457ba264f89195fc9d51","Processor AMD Ryzen 9 5900XT S-AM5 3.30/4.80GHz BOX","AMD","0730143316552","CPU/AMD","232.30","9"
"5c4c543e587642c092b95ca2d945e949","Processor Intel® Core Ultra 5 245K  3.6 GHz/5.2 GHz FCLGA1851 BOX","Intel","5032037282086","CPU/Intel","241.20","8"
"751a7eb559a34c6fb73718b0b4467ce1","Processor Intel® Core Ultra 7 265K  3.3 GHz/5.5 GHz FCLGA1851 BOX","Intel","5032037282062","CPU/Intel","253.73","11"
"4cf56b739a914cf096b61fcddef1d964","Processor Intel® Core i9-14900K 3.2 GHz/6.0 GHz LGA1700 BOX","Intel","5032037278522","CPU/Intel","383.33","8"
"b01f7dac87594b64a47cd75c97bdc134","Processor Intel® Core i9-14900KF 3.2 GHz/6.0 GHz LGA1700 BOX","Intel","5032037278546","CPU/Intel","364.56","2"
"9b281efba3fd4d91a5386f0e1c8ff94b","Processor Intel® Core i9-14900F 2.0 GHz/5.8 GHz LGA1700 BOX","Intel","5032037279208","CPU/Intel","472.97","8"
"e2b144839665461382b72ebe5ea85b44","Processor Intel® Core i7-12700F 2.1 GHz/4.9 GHz LGA1700 BOX","Intel","5032037237826","CPU/Intel","209.22","10"
"9b1e07f39978441c9ccb376d04181ef1","Processor Intel® Core i7-12700 2.1 GHz/4.9 GHz LGA1700 BOX","Intel","5032037237840","CPU/Intel","223.04","1"
"bcc97059eeba405ca8a7d0a111ba880f","Processor Intel® Core i7-13700K 3.4 GHz/5.4 GHz LGA1700 BOX","Intel","5032037258708","CPU/Intel","320.16","15"
"98d3c27b015641bb87e767e8ed32a737","Processor Intel® Core i7-13700 2.1 GHz/5.2 GHz LGA1700 BOX","Intel","5032037260213","CPU/Intel","258.75","6"
"7241bca85d4f4867b2f8b14cc50f3544","Processor Intel® Core i7-14700KF 3.4 GHz/5.6 GHz LGA1700 BOX","Intel","5032037278508","CPU/Intel","262.15","13"
"1365c8edb6a64a569c5a5e03f3e5325e","Processor Intel® Core i7-14700F 2.1 GHz/5.4 GHz LGA1700 BOX","Intel","5032037279246","CPU/Intel","246.25","13"
"a99f75e93751413790dfc7d76a15ff1b","Procesor INTEL® Core i7-4770 3.4GHz LGA1150 BOX","Intel","5032037050562","CPU/Intel","259.52","1"
"bbd817d706054503a93e111884eb78aa","Processor Intel® Core i5-10400 Comet Lake 2.9 GHz/4.3 GHz 12MB LGA1200 BOX","Intel","5032037187138","CPU/Intel","99.78","46"
"41711495f1b4478fb5c43022ac7a25c7","Processor Intel® Core i5-10400F Comet Lake 2.9 GHz/4.3 GHz 12MB LGA1200 BOX","Intel","5032037187077","CPU/Intel","79.93","10"
"7f612d1ed7fa41e4b1c1fff8f83d76a7","Processor Intel® Core i5-12400 2,5 GHz/4,4 GHz LGA1700 BOX","Intel","5032037237741","CPU/Intel","113.75","14"
"a15da53d2e1a4457a57ffb064c9848d4","Processor Intel® Core i5-12400F 2.5 GHz/4.4 GHz LGA1700 BOX","Intel","5032037237758","CPU/Intel","87.78","64"
"28d333987b2044968766700268c54172","Processor Intel® Core i5-12600K 3.7 GHz/4.9 GHz LGA1700 BOX","Intel","5032037234108","CPU/Intel","157.53","4"
"e718efb8d32c4df2b9fedef078368184","Processor Intel® Core i5-12600KF 3.7 GHz/4.9 GHz LGA1700 BOX","Intel","5032037234115","CPU/Intel","122.07","1"
"dd6412f3f65c4960b0c9418ee46e8e0d","Processor Intel® Core i5-13500 2.5 GHz/4.8 GHz LGA1700 BOX","Intel","5032037260251","CPU/Intel","203.47","5"
"062cc8e01bf94d3fa5e3627604f1b678","Processor Intel® Core i5-13400 2.5 GHz/4.8 GHz LGA1700 BOX","Intel","5032037260275","CPU/Intel","126.01","27"
"fd8309141ecf41988b6fcdd21d8a850c","Processor Intel® Core i5-13400F 2.5 GHz/4.6 GHz LGA1700 BOX","Intel","5032037260299","CPU/Intel","100.28","7"
"060dbbb430864849844c6e356ac1b6a0","Processor Intel® Core i5-14400F 2.5 GHz/4.7 GHz LGA1700 BOX","Intel","5032037279147","CPU/Intel","102.33","3"
"7976d84cafe34860a83f1f62d59b0aeb","Processor Intel® Core i5-14400 2.5 GHz/4.7 GHz LGA1700 BOX","Intel","5032037279130","CPU/Intel","129.98","6"
"10b9a3ea8b9545f49776b04bfdc13856","Processor Intel® Core i5-14500 2.6 GHz/5.0 GHz LGA1700 BOX","Intel","5032037279178","CPU/Intel","203.45","14"
"d0b5f638f7ca4d01b153ba3d0f607c02","Processor Intel® Core i5-14600K 3.5 GHz/5.3 GHz LGA1700 BOX","Intel","5032037278447","CPU/Intel","185.17","1"
"0e4d09d6cb73419384ed94f466a0b1ca","Processor Intel® Core i5-14600KF 3.5 GHz/5.3 GHz LGA1700 BOX","Intel","5032037278461","CPU/Intel","171.29","33"
"f1f8889098314ea092a33887cf0d750c","Processor Intel® Core i3-12100 3.3GHz/4.3GHz 12MB FCLGA1700 BOX","Intel","5032037238458","CPU/Intel","87.49","63"
"4ade024366aa4f5bb822ad1d70c9597a","Processor Intel® Core i3-13100 3.4GHz/4.5GHz 12MB LGA1700 BOX","Intel","5032037260312","CPU/Intel","94.03","13"
"5ebcbafcebd347e4b575ffe49420a3ed","Processor Intel® Core i3-14100 3.5 GHz/4.7 GHz LGA1700 BOX","Intel","5032037279079","CPU/Intel","91.67","33"
"f9a1366ee05d4d1988124c6ca29e6601","Drive HDD for serwerów Synology HAT3300-4T","SYNOLOGY","4711174725120","Data Storage/NAS - Accessories","97.02","9"
"97351a40ef9744ce9e361ff30b416f58","Drive HDD for serwerów Synology HAT3300-6T","SYNOLOGY","4711174725137","Data Storage/NAS - Accessories","142.78","4"
"ed805bdbb27f4b69885200ebdb69e5af","Solid-state drive (SSD) M.2 NVMe for serwerów Synology SNV3410-400G","SYNOLOGY","4711174724598","Data Storage/NAS - Accessories","126.63","4"
"299bdb8122fd495682e0dddd86f8e020","Licence Synology NVR on 4 kamery","SYNOLOGY","4711174720293","Data Storage/NAS - Accessories","140.42","1"
"38ea5d4e015c4119abd8d03263d39c57","Card rozszerzeñ QNAP QM2-2P410G1T M.2, 10GbE","QNAP","4711103080054","Data Storage/NAS - Accessories","469.77","2"
"c0877f6aa5584346b9b7ff93ddff0f2f","Licence Synology NVR on 8 kamer","SYNOLOGY","4711174721801","Data Storage/NAS - Accessories","249.43","1"
"71715c6ceed742bc8dfd2827c959f02f","Licence Synology NVR on 1 kamerê","SYNOLOGY","4711174720279","Data Storage/NAS - Accessories","36.53","1"
"4de6ac7954dc42e486b202e1b7624712","File server NAS QNAP TS-464U-RP-8G ","QNAP","4711103082201","Data Storage/Network Attached Storage","1372.45","6"
"9b000038473347dfaf05b4e04d2265ff","File server NAS Synology DS1621+","SYNOLOGY","4711174723775","Data Storage/Network Attached Storage","815.91","1"
"724e4f4039ee4ccdbdc400495f0421b9","File server NAS Synology DS1821+ ","SYNOLOGY","4711174723973","Data Storage/Network Attached Storage","904.17","1"
"7ce51aae3ea64c37a7d2a7cfd2343141","File server NAS Synology DS1522+","SYNOLOGY","4711174724468","Data Storage/Network Attached Storage","619.03","1"
"5d8bdab4b5754d0598cf9d005299b1b9","File server NAS Synology DS723+","SYNOLOGY","4711174724444","Data Storage/Network Attached Storage","407.97","1"
"daba3d4aefd741e8bed573bcfac5ab59","File server NAS Synology DS223","SYNOLOGY","4711174724772","Data Storage/Network Attached Storage","225.99","4"
"9c8ab01c5bf94edfb505f3b128ee31d1","File server NAS Synology DS223j","SYNOLOGY","4711174724765","Data Storage/Network Attached Storage","159.60","8"
"86ac6e0ac4744fa392412773b05aecde","File server NAS Synology DS224+","SYNOLOGY","4711174725250","Data Storage/Network Attached Storage","285.47","10"
"8c3070d4fd2a4445937443cf0bfde2e1","File server NAS Synology DS124 ","SYNOLOGY","4711174725014","Data Storage/Network Attached Storage","122.93","5"
"a9d4240b3cb14eef869bc7b419645816","Serwer plików NAS Synology DS925+","SYNOLOGY","4711174726004","Data Storage/Network Attached Storage","525.41","5"
"f9170189182f4579b7bf9aa4f45382de","Modu³ rozszerzaj¹cy Synology DX525","SYNOLOGY","4711174725298","Data Storage/Network Attached Storage","412.78","1"
"517103ccd2f7465281b16a35e4f934c0","Serwer plików NAS Synology DS425+","SYNOLOGY","4711174725991","Data Storage/Network Attached Storage","432.36","3"
"ad8fc3a30b4a483d90424b6459678dd3","File server NAS Synology RS1221RP+","SYNOLOGY","4711174723690","Data Storage/Network Attached Storage","1201.26",""
"5b0e045cfe7e46b49c61c57e6ac08686","File server NAS Synology RS822RP+","SYNOLOGY","4711174724758","Data Storage/Network Attached Storage","1029.26","1"
"e0106a415301433493c1c9c6a479bab5","File server NAS Synology RS2423+","SYNOLOGY","4711174724895","Data Storage/Network Attached Storage","1650.88","1"
"29b019a2b6644dadb307526340326147","Monitor Hikvision 65" DS-D6065UN FocSign UHD Signage (24/7)","HIKVISION","6931847167936","Digital Signage/Digital Signage LCD","905.65","5"
"bd1c2484638d45399fb101ff9378189a","Monitor Hikvision 86" DS-D6086UN FocSign UHD Signage (24/7)","HIKVISION","6931847167950","Digital Signage/Digital Signage LCD","2198.40","1"
"49b2ca972acc4c69acd43112db581c17","Monitor LG 43UH5N-E WebOS UHD Signage (24/7)","LG","8806084296337","Digital Signage/Digital Signage LCD","570.36","3"
"b05b56d53ab3435f90d5211245c935ca","Monitor LG 43UL3J-M WebOS UHD Signage (16/7)","LG","8806084396792","Digital Signage/Digital Signage LCD","442.31","21"
"ef044ae5d7c4437dbf497df5fcf0ca6b","Monitor LG 55UL3J-M WebOS UHD Signage (16/7)","LG","8806084396815","Digital Signage/Digital Signage LCD","606.24","2"
"2c96c93131bb4c9da9c164b213bab85b","Monitor LG 75UL3J-E WebOS UHD Signage (16/7)","LG","8806091356635","Digital Signage/Digital Signage LCD","1276.43","10"
"ace5f3aaf46045029002c74ff14bccfc","Monitor ViewSonic CDE4330 43" 4K Presentation Display 24/7","VIEWSONIC EUROPE","0766907017465","Digital Signage/Digital Signage LCD","566.81","3"
"8c060ac622be410ab4fdb7d65b1a4d6f","Monitor ViewSonic CDE7530 75" 4K Presentation Display 24/7","VIEWSONIC EUROPE","","Digital Signage/Digital Signage LCD","1686.80","4"
"f556985446274217b81828b7a22124ae","Monitor ViewSonic CDE8630 86" 4K Presentation Display 24/7","VIEWSONIC EUROPE","0766907017502","Digital Signage/Digital Signage LCD","2315.85","1"
"d9eecfa026894b7882838df69f13e252","ciana wideo LG 55VL5PJ-A z cienk¹ ramk¹ FHD 55 500 nitów (24/7)","LG","8806091383075","Digital Signage/Digital Signage TV Walls","1262.53","4"
"21f1efb63d044ff7826b959377060346","Hulajnoga elektryczna Riley RS1 Standard 350W","RILEY SCOOTERS ","5065016864270","Electric Vehicles","265.80","20"
"5e96e474b81f4f8f9d9437ed147fffe3","Hulajnoga elektryczna Riley RS3 Standard 350W","RILEY SCOOTERS ","5065016864294","Electric Vehicles","478.49","13"
"06383001acb9496f92521f8e471fae72","Hulajnoga elektryczna SkateFlash SK Urban","SKATEFLASH","8435682103695","Electric Vehicles","416.62","20"
"cb1fb99f04c348ddb7173968c83e94c0","Hulajnoga elektryczna SkateFlash SK Urban Pro","SKATEFLASH","8435682103701","Electric Vehicles","514.57","20"
"5b70f557c13d41d0977ca9d3d6e76239","Hulajnoga elektryczna SkateFlash SK Urban Dual Pro","SKATEFLASH","8435682103718","Electric Vehicles","664.77","20"
"230b4a4cb4c24e0699a5cc1419820443","Water cooling NZXT Kraken Elite 280 LCD","NZXT","5056547202211","Fans/CPU Cooling Fans - Universal","151.57","1"
"8a4a5c910a3f4e85b7022da64f5048e7","Karta VGA Asus GeForce RTX 5060 Ti PRIME-RTX5060TI-O16G OC 16GB GDDR7 128bit HDMI+3xDP PCIe5.0","Asus","4711387994054","GFX Card/Chipset NVIDIA","422.36","30"
"4d0055f307b14d53a96452d4a8afbe05","Karta VGA Asus GeForce RTX 5070 Ti ROG-STRIX-RTX5070TIO16G-GAMING OC 16GB GDDR7 256bit 2xHDMI+3xDP PCIe5.0","Asus","4711387920633","GFX Card/Chipset NVIDIA","883.86","5"
"bb66e2f0860242b1854347a99bae6e09","VGA card Gigabyte GeForce RTX 5070 AERO OC 12G 12GB GDDR7 192bit HDMI+3xDP PCIe5.0","Gigabyte","4719331355852","GFX Card/Chipset NVIDIA","562.03","16"
"046bb137eb5f4f16adef7ee470b86107","VGA card Gigabyte GeForce RTX 5070 EAGLE OC ICE SFF 12G 12GB GDDR7 192bit HDMI+3xDP PCIe5.0","Gigabyte","4719331355777","GFX Card/Chipset NVIDIA","544.21","7"
"c351a9c7c8464f5cb7c5b90de98e736d","VGA card MSI GeForce RTX 3050 LP 6G OC 6GB GDDR6 96bit 2xHDMI+DP PCIe4.0","MSI","4711377176828","GFX Card/Chipset NVIDIA","145.08","50"
"254b3fa390904ceabe5e92ad6984e5e2","VGA card MSI GeForce RTX 5060 Ti 8G VENTUS 2X OC PLUS","MSI","4711377338868","GFX Card/Chipset NVIDIA","317.93","50"
"8e25e2756fc847d89ecfd3230b540aee","VGA card Palit GeForce RTX 3050 KalmX 6GB GDDR6 96bit DVI HDMI DP PCIe4.0","Palit","4710562244076","GFX Card/Chipset NVIDIA","148.31","21"
"03518eab3808492d8598d083e5cab552","Karta VGA Palit GeForce RTX 5060 Ti Infinity 3 OC 8GB GDDR7 128bit HDMI+3DP PCIe5.0","Palit","4710562245219","GFX Card/Chipset NVIDIA","330.33","2"
"99029c18081b4e05897db2eafc4aaf58","Karta VGA Palit GeForce RTX 5060 Ti Infinity 3 8GB GDDR7 128bit HDMI+3DP PCIe5.0","Palit","4710562245226","GFX Card/Chipset NVIDIA","321.42","51"
"02c4a76ff3b648e782ae8665cbe4e27f","Karta VGA Palit GeForce RTX 5060 Ti Dual 8GB GDDR7 128bit HDMI+3DP PCIe5.0","Palit","4710562245264","GFX Card/Chipset NVIDIA","305.42","9"
"83ec18b6cbfe4ebfb17a7b47052c7f2c","VGA card Palit GeForce RTX5080 GamingPro OC 16GB GDDR7 256bit HDMI+3DP PCIe5.0","Palit","4710562244922","GFX Card/Chipset NVIDIA","909.45","22"
"67d868923d9545039127de0813f9da6b","Drive SEAGATE EXOS Enterprise X20 ST20000NM002D 20TB 3,5" 7200 256MB SAS 12Gb/s","Seagate","0763649153062","Hard Drives/Enterprise SAS","309.11","4"
"0d628c2aee9c4cae943b9e28b11feddf","Drive SEAGATE IronWolf ST2000VN003 2TB 3,5" 5400 256MB SATA III NAS","Seagate","7636490078323","Hard Drives/Enterprise SATA","75.91","18"
"4d4f0a9ab9674d05b728bd1dda922cb5","Drive SEAGATE BarraCuda® ST8000DM004 8TB 3,5" 5400 256MB SATA III","Seagate","8719706003766","Hard Drives/Enterprise SATA","110.94","58"
"aa74af4fcc204fe3b474296c83f64741","Drive SEAGATE IronWolf PRO ST8000NT001 8TB 3,5" 7200 256MB SATA III NAS","Seagate","8719706432337","Hard Drives/Enterprise SATA","172.45","40"
"f090cf0dec0845ecaca82c403dc2709e","Drive SEAGATE EXOS Enterprise X18 ST18000NM000J 18TB 3,5" 256 MB 7200 512n SATA III","Seagate","8719706020442","Hard Drives/Enterprise SATA","281.83","11"
"a6a38e9871464206a0875ad90d9af03a","Drive SEAGATE EXOS X22 ST22000NM001E 22TB 3,5" 7200 512MB SATA III","Seagate","","Hard Drives/Enterprise SATA","347.40","8"
"710fff5773a74b64aad22fea41fb9f85","Drive Toshiba N300 HDWG740EZSTC 4TB 3,5" 7200 512MB SATA III NAS RETAIL","Toshiba","4260557512661","Hard Drives/Enterprise SATA","78.75","10"
"5e4a19c717704e18930ce77288ebd4d2","Drive Toshiba N300 HDWG760EZSTA 6TB 3,5" 7200 512MB SATA III NAS RETAIL","Toshiba","4260557512654","Hard Drives/Enterprise SATA","110.62","9"
"20cc98a369b3432ab319a14fb4ace7ce","Drive WD Red Plus WD60EFPX 6TB 3,5" 256MB SATA III","Western Digital","0718037899800","Hard Drives/Enterprise SATA","126.16","30"
"938db26975614054a3924c8928ef2634","Drive WD Red PRO WD6005FFBX 6TB 3,5" 7200 256MB SATA III NAS","Western Digital","0718037902821","Hard Drives/Enterprise SATA","158.46","27"
"394208bc28334de19262032d86de6ce3","Drive WD Red PRO WD8005FFBX 8TB 3,5" 7200 256MB SATA III NAS","Western Digital","0718037902838","Hard Drives/Enterprise SATA","179.89","30"
"7cd29be787884b0bb3c8a0f9326f10b1","Drive WD Red PRO WD103KFBX 10TB 3,5" 7200 256MB SATA III NAS","Western Digital","0718037877310","Hard Drives/Enterprise SATA","214.43","50"
"21f32d65ed064498bf91fd1adb45366d","Drive WD Red Plus WD100EFGX 10TB 3,5" 7200 512MB SATA III","Western Digital","0718037906201","Hard Drives/Enterprise SATA","198.70","40"
"2cdd0c53cf5a44649a444732b86dde77","Drive WD Red Plus WD120EFGX 12TB 3,5" 7200 512MB SATA III","Western Digital","0718037906218","Hard Drives/Enterprise SATA","210.06","43"
"bb14be9ff0ee4b1ba36133ea7107914b","Drive WD Red PRO WD221KFGX 22TB 3,5" 7200 512MB SATA III","Western Digital","0718037893501","Hard Drives/Enterprise SATA","448.54","30"
"f322f0f215b74c7cb958f7145c1c71b7","Drive WD Red PRO WD181KFGX 18TB 3,5" 7200 512MB SATA III NAS","Western Digital","0718037875729","Hard Drives/Enterprise SATA","349.74","25"
"ee25b52a12a749bd92ac500f428ac852","External hard drive Apacer AC237 1TB 2,5" USB 3.2 gen. 1black ","Apacer","4712389920003","Hard Drives/External Hard Drives/Portable HDD","38.77","12"
"9a8274ccba834bae811ac5b700050ede","External hard drive Apacer AC533 1TB 2,5" USB 3.2 gen. 1black ","Apacer","4712389919403","Hard Drives/External Hard Drives/Portable HDD","39.31","2"
"7ce028bd0ea946ab9b91ca4b2f289c5e","External hard drive Toshiba Canvio Slim 1TB 2,5" USB 3.2 Gen 1 black","Toshiba","4260557510667","Hard Drives/External Hard Drives/Portable HDD","44.66","9"
"5bccc1db598a4730a9b1b3a06b911208","External hard drive Toshiba Canvio Slim 1TB 2,5" USB 3.2 Gen 1 silver","Toshiba","4260557510681","Hard Drives/External Hard Drives/Portable HDD","44.78","3"
"f9e6ccabc2f2467a9eeb982a2a39a799","External hard drive Toshiba Canvio Gaming 4TB 2,5" USB 3.2 Gen 1 Dark Grey","Toshiba","4260557513316","Hard Drives/External Hard Drives/Portable HDD","84.53","9"
"522ded1049904c25a825211eba159e9b","External hard drive Toshiba Canvio Gaming 1TB 2,5" USB 3.2 Gen 1 Black","Toshiba","4260557511350","Hard Drives/External Hard Drives/Portable HDD","46.39","13"
"855b2a203d2c4f8580a7badc7c56b5ce","External hard drive SSD Apacer AS721 1TB USB 3.2 Gen. 2 Type-C (530/500 MB/s) 3D NAND","Apacer","4712389918482","Hard Drives/External Hard Drives/Portable SSD","59.81","16"
"ab73aa96221a43e48ca49d81f97e69ee","External hard drive SSD Apacer AS722 1TB USB 3.2 Gen. 2 Type-C (1000/900 MB/s) 3D NAND","Apacer","4712389918505","Hard Drives/External Hard Drives/Portable SSD","65.94","18"
"b1ff663f8b3f4247afa608a96fd2f1b0","External hard drive SSD Apacer AS724 1TB USB 3.2 Gen. 2 Type-C (500/500 MB/s) 3D NAND Maueve","Apacer","4712389921185","Hard Drives/External Hard Drives/Portable SSD","48.17","4"
"d1c4262062f34a96be691f3311b12359","External hard drive SSD Apacer AS722 512GB USB 3.2 Gen. 2 Type-C (1000/900 MB/s) 3D NAND","Apacer","4712389918499","Hard Drives/External Hard Drives/Portable SSD","45.04","18"
"8c6b6c8d2c8f4d80bbf16c963353b14b","External hard drive SSD Apacer AS724 512GB USB 3.2 Gen. 2 Type-C (500/500 MB/s) 3D NAND Cream","Apacer","4712389921208","Hard Drives/External Hard Drives/Portable SSD","30.14","19"
"c27aa6d81e4b4918b1d2339c8278e597","External hard drive SSD Apacer AS724 512GB USB 3.2 Gen. 2 Type-C (500/500 MB/s) 3D NAND Maueve","Apacer","4712389921178","Hard Drives/External Hard Drives/Portable SSD","30.16","14"
"9fa5a4292efe47f8b0f000bca24e9b8b","External solid-state drive (SSD) GOODRAM HX200 1TB USB 3.2 Gen. 2x2 Type-C (1500/1400 MB/s) black","Goodram","5908267966334","Hard Drives/External Hard Drives/Portable SSD","72.14","1"
"3ecd093add004dadbdff3386abead7e7","External solid-state drive (SSD) GOODRAM HX200 500GB USB 3.2 Gen. 2x2 Type-C (1500/900 MB/s) black","Goodram","5908267966327","Hard Drives/External Hard Drives/Portable SSD","44.18","4"
"a42e5b95358e4b99960ba0241ebece0e","External hard drive SSD HIKSEMI Spear T200N 1TB USB 3.1 Type-C (450/400 MB/s) black ","HIKSEMI","6974202726461","Hard Drives/External Hard Drives/Portable SSD","53.88","39"
"8fe2bccb1fce4513a15df60ff1460ab4","External hard drive SSD HIKSEMI Elite 7S 1TB USB 3.2 Type-C (2000/2000 MB/s) ciemnoszary","HIKSEMI","6976695090555","Hard Drives/External Hard Drives/Portable SSD","68.04","17"
"8b3e99427c104317a1c80ead3420f689","External hard drive SSD HIKSEMI Elite 9 1TB USB 3.2 Gen2x2 Type-C (2000/1850 MB/s) grey ","HIKSEMI","6976695093396","Hard Drives/External Hard Drives/Portable SSD","54.77","5"
"d0f80114b88b41bd8b6249f24f0ea5d5","External hard drive SSD HIKSEMI Dagger T200N Mini 512GB USB 3.2 Type-C TLCblack ","HIKSEMI","6974202728571","Hard Drives/External Hard Drives/Portable SSD","36.95","3"
"e26336c8571c440690dd0997c28edc79","External hard drive SSD Kingston XS1000 1TB USB 3.2 Gen 2 (1050/1000 MB/s)","Kingston","0740617338515","Hard Drives/External Hard Drives/Portable SSD","61.30","69"
"2820b7e21a1c4d56bd5564038c018835","External solid-state drive (SSD) Samsung T7 Shield 1TB (1050/1000 MB/s) USB 3.1 Blue","SAMSUNG","8806092968479","Hard Drives/External Hard Drives/Portable SSD","117.17","18"
"dd470ddc2db24d2cba0742d87cad7347","External solid-state drive (SSD) Samsung T9 Portable 1TB (2000/1950 MB/s) USB 3.2 Black","SAMSUNG","8806094914696","Hard Drives/External Hard Drives/Portable SSD","127.12","5"
"a806246b9a074eacbc300e63179ccea0","External solid-state drive (SSD) Samsung T7 Portable 2TB (1050/1000 MB/s) USB 3.1 Grey","SAMSUNG","8806090312380","Hard Drives/External Hard Drives/Portable SSD","129.57","7"
"861e53750bd44a0b8fe3faf081b6af22","External solid-state drive (SSD) Samsung T7 Shield 2TB (1050/1000 MB/s) USB 3.1 Blue","SAMSUNG","8806092968486","Hard Drives/External Hard Drives/Portable SSD","167.86","9"
"2df420421500447fae99f631aa6b2b82","External solid-state drive (SSD) Verbatim Metal Mini SSD 512GB USB-C 3.2 Gen 2x2black ","Verbatim","0023942320302","Hard Drives/External Hard Drives/Portable SSD","41.00","70"
"bfceaa3431b04fe99c3f3485574ec07a","External solid-state drive (SSD) Verbatim Store 'n 'Go Mini Diamond 512GB USB-C 3.2 Gen 2black ","Verbatim","0023942320241","Hard Drives/External Hard Drives/Portable SSD","34.79","80"
"7897f7135a9d4254b2c906a11ab5fae2","Drive WD Red PRO WD2002FFSX 2TB 3,5" 7200 64MB SATA III","Western Digital","0718037835570","Hard Drives/Hard Drives SATA 3,5"","79.04","30"
"d4ea3604df944a86a23be5dcf5d476ef","Drive WD Red PRO WD142KFGX 14TB 3,5" 7200 512MB SATA III NAS","Western Digital","0718037899633","Hard Drives/Hard Drives SATA 3,5"","281.12","39"
"919051bbf27d407a941c89f3fca61c81","Solid-state drive (SSD) Apacer AS340X 240GB SATA3 2,5" (550/520 MB/s) 7mm 3D NAND","Apacer","4712389918901","Hard Drives/SSD","12.99","39"
"9266a82fe89c48a68132580217e6ce98","Solid-state drive (SSD) Apacer AS350X 512GB SATA3 2,5" (560/540 MB/s) 7mm, TLC 3D NAND","Apacer","4712389918871","Hard Drives/SSD","21.75","80"
"8e877566a2d046d59b5053e26b568ccc","Solid-state drive (SSD) Apacer AS2280P4 1TB M.2 PCIe NVMe Gen3 x4 2280 (3000/2000 MB/s) 3D TLC","Apacer","4712389918253","Hard Drives/SSD","51.05","18"
"68c78fc65e754a66b8efc19eb48f18e0","Solid-state drive (SSD) Apacer AS2280Q4U 1TB M.2 PCIe Gen4x4 2280 (7300/6000 MB/s) 3D NAND","Apacer","4712389919823","Hard Drives/SSD","52.10","35"
"c458bc46600a4c2c959e21f97912669d","Solid-state drive (SSD) Apacer AS2280Q4L 1TB M.2 PCIe Gen4x4 2280 (3600/3000 MB/s) 3D NAND","Apacer","4712389920355","Hard Drives/SSD","47.12","18"
"a7be13c8072444f6a1557e54722c37cb","Solid-state drive (SSD) Apacer AS2280Q4U 2TB M.2 PCIe Gen4x4 2280 (7400/7000 MB/s) 3D NAND","Apacer","4712389919830","Hard Drives/SSD","101.45","3"
"1fed2a00a44542629be8fc6286970f5a","Solid-state drive (SSD) Apacer AS2280Q4X 2TB M.2 PCIe NVMe Gen4 x4 2280 (5000/4400 MB/s) 3D NAND","Apacer","4712389920225","Hard Drives/SSD","107.98","16"
"5c7f52909abf465db51442e926c8a5bb","Solid-state drive (SSD) Apacer AS2280P4 256GB M.2 PCIe NVMe Gen3 x4 2280 (1800/1100 MB/s) 3D TLC","Apacer","4712389918239","Hard Drives/SSD","14.34","17"
"0445cb5756034302bebf7d62b73aba74","Solid-state drive (SSD) Apacer AS2280Q4X 4TB M.2 PCIe NVMe Gen4 x4 2280 (5000/4400 MB/s) 3D NAND","Apacer","4712389920539","Hard Drives/SSD","202.37","5"
"7585ee205d0443d688541e35a98f4d56","Solid-state drive (SSD) Crucial T705 1TB M.2 PCIe 5.0 x4 NVMe 2.0 2280 (13600/10200MB/s) z radiatorem","Crucial","0649528940278","Hard Drives/SSD","130.36","10"
"3e6a8671b2b748e79d674755306f78c7","Solid-state drive (SSD) Crucial P310 1TB M.2 PCIe 4.0 NVMe 2280 (7100/6000MB/s) z radiatorem","Crucial","0649528944764","Hard Drives/SSD","64.07","15"
"efaeb2bbfe4c4a6f856367484d96b75a","Solid-state drive (SSD) Crucial T705 2TB M.2 PCIe 5.0 x4 NVMe 2.0 2280 (14500/12700MB/s)","Crucial","0649528940179","Hard Drives/SSD","171.32","5"
"c73328807f2b45b6afcbd5664152bcc7","Solid-state drive (SSD) Crucial T705 2TB M.2 PCIe 5.0 x4 NVMe 2.0 2280 (14500/12700MB/s) z radiatorem","Crucial","0649528940339","Hard Drives/SSD","184.36","9"
"1c054a1e4f644dee8dc18a420409f051","Solid-state drive (SSD) Crucial P310 2TB M.2 PCIe 4.0 NVMe 2280 (7100/6000MB/s) bez radiatora","Crucial","0649528942241","Hard Drives/SSD","92.83","3"
"32e137f07db94aeb8f7bdaa88c1c4566","Solid-state drive (SSD) Crucial P310 500GB M.2 PCIe 4.0 NVMe 2280 (6600/3500MB/s) bez radiatora","Crucial","0649528941787","Hard Drives/SSD","33.86","7"
"5c1f6ce97a074a3d9e229a29aeb87cf1","Solid-state drive (SSD) Gigabyte Gen4 4000E 500GB M.2 2280 NVMe PCIe 4.0 x4 (3600/3000 MB/s) 3D NAND","Gigabyte","4719331860042","Hard Drives/SSD","25.36","100"
"4758a7d9879642c39818427de5eb74b3","Solid-state drive (SSD) GOODRAM CX400 GEN.2 256GB SATA III 2,5" (550/480) 7mm","Goodram","5908267923443","Hard Drives/SSD","13.49","20"
"d219336baf5443c89be5641a6417e3bd","Solid-state drive (SSD) GOODRAM CL100 480GB SATA III 2,5" GEN.3 (540/460) 7mm","Goodram","5908267923412","Hard Drives/SSD","22.74","31"
"cfefc4e890bd45d7912581da67e926e5","Solid-state drive (SSD) GOODRAM CL100 960GB SATA III 2,5" GEN.3 (540/460) 7mm","Goodram","5908267923429","Hard Drives/SSD","47.39","54"
"b1e49fb92ed8425e94ad97e722540880","Solid-state drive (SSD) GOODRAM IRDM PRO GEN 5 1TB PCIe NVMe 2.0 M.2 2280 (11500/9000) 3D TLC","Goodram","5908267901526","Hard Drives/SSD","142.14","9"
"3ecb95f324c54be8b2d82c8ac3f2f2a9","Solid-state drive (SSD) GOODRAM IRDM PRO 2TB PCIe M.2 2280 NVMe gen 4 x4 (7000/6850)","Goodram","5908267961414","Hard Drives/SSD","137.72","6"
"3b1e1b397b7b405f8186fe9564b03157","Solid-state drive (SSD) GOODRAM IRDM PRO SLIM 2TB PCIe M.2 2280 NVMe (7000/6850)","Goodram","5908267964309","Hard Drives/SSD","115.01","3"
"2da6913f81b44d63b46bcf80eadc6503","Solid-state drive (SSD) GOODRAM IRDM PRO NANO 2TB PCIe NVMe Gen 4x4 M.2 2230 (7300/6000 MB/s) 3D NAND","Goodram","5908267965931","Hard Drives/SSD","140.68","19"
"aabd52f0a6ce4e3f878fe27c5f1b1ccb","Solid-state drive (SSD) GOODRAM IRDM PRO GEN 5 2TB PCIe NVMe 2.0 M.2 2280 (12000/11000) 3D TLC","Goodram","5908267901540","Hard Drives/SSD","211.70","10"
"bb01cb5b53034f54b6829b9deb92ae6c","Solid-state drive (SSD) GOODRAM IRDM PRO SLIM 4TB PCIe M.2 2280 NVMe (7000/6850)","Goodram","5908267964316","Hard Drives/SSD","233.00","7"
"7faa52d6b0dd41c5ad1805aa1cb69bc1","Solid-state drive (SSD) GOODRAM PX700 4TB PCIe NVMe M.2 2280 (7400/6500) RETAIL","Goodram","5908267965061","Hard Drives/SSD","234.22","4"
"9106c28d7b5e462ba95b934f6736ea7b","Solid-state drive (SSD) GOODRAM IRDM PRO GEN 5 4TB PCIe NVMe 2.0 M.2 2280 (12000/11000) 3D TLC","Goodram","5908267901557","Hard Drives/SSD","407.23","5"
"d175263b20ea466c92a5f10c9da6591b","Solid-state drive (SSD) HIKSEMI WAVE (S) 480GB SATA3 2,5" (550/470 MB/s) 3D NAND","HIKSEMI","6974202725563","Hard Drives/SSD","24.73","42"
"aca9a30700f449f68a902d54ad0e877b","Solid-state drive (SSD) HIKSEMI WAVE (N) 1TB M.2 2280 SATA (560/510 MB/s) 3D NAND","HIKSEMI","6974202725679","Hard Drives/SSD","49.18","38"
"6f6ae79e226f46b7801d7b9b9c75c660","Solid-state drive (SSD) HIKSEMI WAVE Pro (P) 1TB PCIe Gen3x4 NVMe M.2 2280 (3520/2900 MB/s) 3D TLC","HIKSEMI","6974202725754","Hard Drives/SSD","53.79","20"
"16164738fb9b4cabbba248d1f927b529","Solid-state drive (SSD) HIKSEMI FUTURE 1TB M.2 PCIe Gen4x4 NVMe 2280 (7450/6600 MB/s) 3D TLC","HIKSEMI","6974202725327","Hard Drives/SSD","63.25","99"
"1ba9325ae20a4367b76c46f1e9787b3b","Solid-state drive (SSD) HIKSEMI FUTURE eco 2TB M.2 PCIe Gen4x4 NVMe 2280 (4850/4450 MB/s) 3D TLC","HIKSEMI","6974202725303","Hard Drives/SSD","92.53","35"
"ed8ce6914670467d82bd9449cbec2f4e","Solid-state drive (SSD) HIKSEMI WAVE (P) 256GB M.2 PCIe NVMe Gen3x4 2280 (2280/1800 MB/s) 3D NAND","HIKSEMI","6974202725709","Hard Drives/SSD","16.13","46"
"fa8a619319a34c0dadd1645545c2b978","Solid-state drive (SSD) KIOXIA EXCERIA PRO 1TB PCIe Gen4x4 NVMe (7300/6400 MB/s) 2280-S2-M","KIOXIA","4582563854048","Hard Drives/SSD","64.66","2"
"bb15c35a2a8642acbbe90c0cb1dc1812","Solid-state drive (SSD) KIOXIA EXCERIA PLUS G4 1TB M.2 PCIe Gen5x4 NVMe (10000/7900 Mb/s) 2280","KIOXIA","4582563859975","Hard Drives/SSD","90.33","16"
"0c62e50ed28c48c180a0f61c64b29ee4","Solid-state drive (SSD) KIOXIA EXCERIA PRO 2TB PCIe Gen4x4 NVMe (7300/6400 MB/s) 2280-S2-M","KIOXIA","4582563854055","Hard Drives/SSD","120.44","5"
"5843c7381f344a3da78f974755db3cd1","Solid-state drive (SSD) KIOXIA EXCERIA z Heatsink 2TB M.2 PCIe Gen4x4 NVMe (6200/4900 Mb/s) 2280","KIOXIA","4582563858657","Hard Drives/SSD","108.32","10"
"32b1d470b40b46dc8a170275240a6c75","Solid-state drive (SSD) KIOXIA EXCERIA PLUS G4 2TB M.2 PCIe Gen5x4 NVMe (10000/8200 Mb/s) 2280","KIOXIA","4582563859982","Hard Drives/SSD","164.37","18"
"2be2fda223f948d5ab89ea6272c77608","Solid-state drive (SSD) Kingston DC600M 7,68TB SATA3 2,5'' (560/530 MB/s)","Kingston","0740617334951","Hard Drives/SSD","737.12","1"
"563d9d82d410418e8a09b8c90d560cd0","Solid-state drive (SSD) Lexar NS100 1TB 2.5 SATA III (550 Mb/s) 7mm","Lexar","0843367117222","Hard Drives/SSD","49.19","4"
"bc3463c25648457781da01f804a840cb","Solid-state drive (SSD) Lexar NQ100 240GB 2.5 SATA III (550 MB/s) 7mm","Lexar","0843367122790","Hard Drives/SSD","14.36","8"
"3fbdb44ab54148aca00e4ae7f3f53c87","Solid-state drive (SSD) Lexar NQ100 480GB 2.5 SATA III (550 Mb/s) 7mm","Lexar","0843367122707","Hard Drives/SSD","24.97","2"
"bc9ed4139cfb4109a94836e6fee5fa34","Solid-state drive (SSD) Lexar NM620 1TB PCIe NVMe 3.0x4 M.2 2280 (3300/3000 Mb/s)","Lexar","0843367123162","Hard Drives/SSD","51.58","6"
"93ccf4694b774762b2c019f78183d5f6","Solid-state drive (SSD) Lexar NM800PRO 1TB PCIe NVMe 4.0x4 M.2 2280 (7500/6300 Mb/s) z radiatorem","Lexar","0843367128648","Hard Drives/SSD","85.30","4"
"88c6d5a78c4547baac21fe06db1e34f4","Solid-state drive (SSD) Lexar NM800PRO 2TB M.2 2280 NVMe  PCIe 4.0x4  (7500/6500MB/s) z radiatorem","Lexar","0843367128655","Hard Drives/SSD","154.51","4"
"21a450332d2e49ab9eb3bc4168f42758","Solid-state drive (SSD) Lexar NQ790 2TB M.2 2280 PCIe 4.0x4 NVMe (7000/6000MB/s)","Lexar","0843367132225","Hard Drives/SSD","98.23","13"
"4f4806a3e99247dbbcbd3c2271719030","Solid-state drive (SSD) Lexar NQ710 2TB PCIe NVMe 4.0x4 M.2 2280 (5000/4000)","Lexar","0843367132300","Hard Drives/SSD","90.71","27"
"29629b4c3e71410ca8ce4b236f472c96","Solid-state drive (SSD) Lexar NQ790 4TB M.2 2280 PCIe 4.0x4 NVMe (7000/6000MB/s)","Lexar","0843367132232","Hard Drives/SSD","196.67","22"
"833bd0b8e10c4b5ba164895c14945fbc","Solid-state drive (SSD) Lexar NM620 512GB PCIe NVMe 3.0x4 M.2 2280 (3300/2400 Mb/s)","Lexar","0843367123155","Hard Drives/SSD","29.86","23"
"af7bdc1949514080a66e122106470397","Solid-state drive (SSD) Lexar NM800PRO 512GB PCIe NVMe 4.0x4 M.2 2280 (7450/3500 Mb/s) z radiatorem","Lexar","0843367128631","Hard Drives/SSD","58.61","9"
"0b6b963fb99847ecb59498545d736dc3","Solid-state drive (SSD) Patriot Burst Elite 120GB SATA3 2,5" (450/320 MB/s) 7mm","Patriot Memory","0814914027738","Hard Drives/SSD","8.98","27"
"e473f0a0bf49417ba03649cac9f6583e","Solid-state drive (SSD) Patriot P220 128GB 2.5" SATA3 (550/480 MB/s) 7mm","Patriot Memory","4711378422337","Hard Drives/SSD","9.38","12"
"85e6b4eb48a8411bb1c5c0e58134c1aa","Solid-state drive (SSD) Patriot Burst Elite 480GB SATA3 2,5" (450/320 MB/s) 7mm","Patriot Memory","0814914027752","Hard Drives/SSD","21.98","12"
"e5554e3acbd647c7b0bfe7f80cfc3a74","Solid-state drive (SSD) Patriot Burst Elite 960GB SATA3 2,5" (450/320 MB/s) 7mm","Patriot Memory","0814914027769","Hard Drives/SSD","38.18","4"
"1f850a1813444eee8d8f402430f409a2","Solid-state drive (SSD) Patriot VP4300 Lite 1TB M.2 2280 PCIe x4 Gen4 NVMe (7400/6400 MB/s)","Patriot Memory","4711378425369","Hard Drives/SSD","55.62","4"
"612de94a2df448e2b7c6cb59ec69aa8e","Solid-state drive (SSD) Patriot P300 2TB M.2 2280 PCIe Gen3 x4 NVMe (2100/1650 MB/s)","Patriot Memory","0814914027318","Hard Drives/SSD","83.39","17"
"f452e27b2c164379a8baeb4d63d26b67","Solid-state drive (SSD) Samsung 870 EVO 1TB 2,5 SATA3 (560/530) V-NAND 3bit MLC","SAMSUNG","8806090545917","Hard Drives/SSD","77.74","36"
"6c42a726b170440e9579366635eabe6f","Solid-state drive (SSD) Samsung MZ-7L324000 240GB 2,5 SATA3 (550/380) TLC","SAMSUNG","8806094266474","Hard Drives/SSD","86.51","9"
"bd8856b8d1a647ab81ddf333463a348f","Solid-state drive (SSD) Samsung 870 EVO 4TB 2,5 SATA3 (560/530) MZ-77E4T0B TLC","SAMSUNG","8806090545894","Hard Drives/SSD","244.09","3"
"68273cddad054e3e945ded582f15c126","Solid-state drive (SSD) Samsung MZ-7L396000 960GB 2,5 SATA3 (550/520) TLC","SAMSUNG","8806094267211","Hard Drives/SSD","138.21","1"
"3fa51093d60f470a9ddc4a39fd993635","Solid-state drive (SSD) Samsung 990 PRO 1TB M.2 2280 PCIe 4.0 x4 NVMe (7450/6900 MB/s) ","SAMSUNG","8806094215021","Hard Drives/SSD","85.64","19"
"d1b2d3fa04b248148c993c973f3928b3","Dysk SSD Samsung 9100 PRO Heatsink 1TB M.2 2280 PCIe 5.0 x4 NVMe 2.0 (14700/13300 MB/s)","SAMSUNG","8806095811673","Hard Drives/SSD","155.23","18"
"4ffab1df8c154ab3947e964d91b4359f","Dysk SSD Samsung 9100 PRO Heatsink 2TB M.2 2280 PCIe 5.0 x4 NVMe 2.0 (14700/13400 MB/s)","SAMSUNG","8806095811666","Hard Drives/SSD","227.90","9"
"14745ed70c3b494683d8c96f0cc1c32d","Solid-state drive (SSD) Samsung 990 EVO Plus 4TB M.2 2280 PCIe 4.0 x4 / 5.0 x2 NVMe 2.0 (7250/6300 MB/s)","SAMSUNG","8806095575667","Hard Drives/SSD","227.48","12"
"7273a4834a884640bb50712631d44048","Solid-state drive (SSD) Silicon Power A55 4TB 2.5" SATA3 (500/450 Mb/s) 3D NAND, 7mm","Silicon Power","4713436150800","Hard Drives/SSD","179.21","5"
"6f5ff8683930492c98c0b69b572a8a2e","Solid-state drive (SSD) Silicon Power A55 512GB M.2 2280 SATA3 (560/530 MB/s)","Silicon Power","4713436121756","Hard Drives/SSD","26.93","47"
"9f26e157f1d24fe5b2c2ce8d4987b358","Solid-state drive (SSD) Silicon Power A60 1TB M.2 PCIe Gen3x4 NVMe (2200/1600 MB/s) 2280","Silicon Power","4713436129653","Hard Drives/SSD","45.50","76"
"b7377b76e1824e81bf9c2c265082b301","Solid-state drive (SSD) Silicon Power UD85 1TB M.2 PCIe NVMe Gen4x4 NVMe 1.4 3600/2800 MB/s","Silicon Power","4713436150435","Hard Drives/SSD","47.30","2"
"8fc34e94e0364051b23d4e9b7370320f","Solid-state drive (SSD) Silicon Power UD90 4TB M.2 PCIe NVMe Gen4x4 NVMe 1.4 (5000/4800 MB/s)","Silicon Power","4713436151319","Hard Drives/SSD","177.39","2"
"9159c3479e964790b3f80d63210c8098","Solid-state drive (SSD) Team Group T-FORCE Vulcan Z 1TB SATA III 2,5" (550/500) 7mm 3D NAND","Team Group","0765441060470","Hard Drives/SSD","41.33","1"
"7bb6c23354214728a5659c67d1e1fd20","Solid-state drive (SSD) Team Group CX2 256GB SATA III 2,5" (520/430) 7mm","Team Group","0765441051928","Hard Drives/SSD","13.05","73"
"92f95b443abb4d7fa4a951e5ccb28d29","Solid-state drive (SSD) Team Group MP44L 500GB M.2 PCIe NVMe Gen4 x4 (5000/2500)","Team Group","0765441062054","Hard Drives/SSD","36.70","20"
"a40939c051a448fa977e6239a633e401","Solid-state drive (SSD) Team Group T-FORCE Cardea Z440 Lite 500GB M.2 PCIe NVMe Gen4 x4 2280 (5000/3800)","Team Group","4711430801766","Hard Drives/SSD","46.68","7"
"d98e540629324ed18acb5e58d844a65b","Lamp solarna GreenBlue GB121 wolnostojaca ogrodowa - kula 15x15x48cm, bialy LED ","Greenblue","5902211105497","Household, Office and Garden/Home and Garden/Lights/Outdoor lights","7.31","19"
"0d181963b42d498c924f6b85e8ec9d89","Lamp solarna GreenBlue GB165 wolnostojaca ogrodowa kula 25x25x58cm, kolorowy LED ","Greenblue","5902211109716","Household, Office and Garden/Home and Garden/Lights/Outdoor lights","11.88","12"
"6e2756c6db93474ea0890bf1b4cb3aab","Lamp solarna GreenBlue GB166 wolnostojaca ogrodowa kula 25x25x58cm, bialy LED ","Greenblue","5902211109723","Household, Office and Garden/Home and Garden/Lights/Outdoor lights","11.49","18"
"7a422472204a4c5d9acc6c520d8c3b0d","Lamp solarna GreenBlue GB168 wolnostojaca ogrodowa kula 30x30x63 cm, bialy LED","Greenblue","5902211109747","Household, Office and Garden/Home and Garden/Lights/Outdoor lights","12.87","10"
"e59766d692644a2385a8d20e74bb43e2","Zestaw narzêdzi grillowych 3 szt. FIELDMANN FZG9018","Fieldmann ","8590669304660","Household, Office and Garden/Home and Garden/Outdoor Accessories","5.44","58"
"4d5ce79bfb3c4956b31e8bad690fa228","Fotel rozk³adany 2 szt. FIELDMANN FDZN 4001-T","Fieldmann ","8590669209026","Household, Office and Garden/Home and Garden/Outdoor Accessories","73.92","9"
"2f5d0a7d7f2541a082665f55293d4677","Fotel z mo¿liwoci¹ regulacji FIELDMANN FDZN 4101-T","Fieldmann ","8590669199945","Household, Office and Garden/Home and Garden/Outdoor Accessories","45.56","5"
"35c05f70d49846979f02de027fd91e22","Grill wêglowy FIELDMANN FZG1102G","Fieldmann ","8590669287635","Household, Office and Garden/Home and Garden/Outdoor Accessories","12.03","59"
"0847ced71aa34ceb9d4dca38a29d1c98","Palenisko FIELDMANN FZG1020","Fieldmann ","8590669287642","Household, Office and Garden/Home and Garden/Outdoor Accessories","32.09","23"
"7341112bf8ee443faf15247f8e2f83b3","Induction cooktop Esperanza "Vesuvius" black  EKH009","Esperanza","5901299963722","Household, Office and Garden/Household Appliances/ Countertop Burners","20.42","20"
"aed59167bdd8469a891373a471bad42f","Induction cooktop Camry CR 6514 dwupalnikowablack ","Camry","5903887805322","Household, Office and Garden/Household Appliances/ Countertop Burners","70.09","1"
"ab1140822d90483c8c55127956cb7624","BREATHALYSER Xblitz Unlimited","Xblitz","5902479672144","Household, Office and Garden/Household Appliances/Breathalyzers","18.51","7"
"8f512d616c5645928ab7499028fa4ea0","ELECTROCHEMICAL BREATHALYSER Xblitz Rush","Xblitz","5902479675121","Household, Office and Garden/Household Appliances/Breathalyzers","68.86","8"
"0a96a262e4424a799f5b46a1cda7062f","ELECTROCHEMICAL BREATHALYSER Xblitz Ether","Xblitz","5902479673516","Household, Office and Garden/Household Appliances/Breathalyzers","41.96","9"
"7bf9142db78d487c854c8ad512959009","Set for stylizacji w³osów 5-w-1 Camry CR 2024","Camry","5902934833806","Household, Office and Garden/Household Appliances/Curling Irons","20.74","1"
"05b4efabe225403d902de1e739570226","Frytkownica Esperanza Spring Roll 2,5 l EKG012","Esperanza","5901299954744","Household, Office and Garden/Household Appliances/Deep Fryer","21.33","4"
"c02b4285e589400aaf179f1d56eded70","Sandwich maker Adler AD 3055black ","Adler","5903887802031","Household, Office and Garden/Household Appliances/Electric Grills","16.69","3"
"fa52ea2dcbd448f5ad959957784215f9","Sandwich maker Esperanza ASIAGO 1000W EKT011","Esperanza","5901299954843","Household, Office and Garden/Household Appliances/Electric Grills","6.98","6"
"88c6eef05c9e48f7adfbadc84c2de807","Robot kuchenny Teesa EASY COOK SINGLE White","Teesa","5901890041256","Household, Office and Garden/Household Appliances/Food Processors","62.13","1"
"dec634dbd5b44c9f829a73f67003e6d8","Coolbox Teesa TSA5001.1with heating function 25L","Teesa","5901890074155","Household, Office and Garden/Household Appliances/Freezers","50.18","2"
"fed1e98a651a4116b9518ac7ab05306b","Cinieniomierz naramienny Esperanza Vitality ECB002","Esperanza","5901299914878","Household, Office and Garden/Household Appliances/Health","8.96","20"
"6ea526f0794944f1a73727ba371d86bf","Standing fan Esperanza "Hurricane" white-blue ","Esperanza","5901299914311","Household, Office and Garden/Household Appliances/Household Fans","10.93","97"
"36551daedb424143ac5faf0b71ed211e","Wentylator stoj¹cy Esperanza "Hurricane" bia³y","Esperanza","5901299917640","Household, Office and Garden/Household Appliances/Household Fans","10.93","100"
"5c14eef9a30347029b406858493dc7f2","Standing fan Esperanza "Typhoon" black-grey ","Esperanza","5901299914397","Household, Office and Garden/Household Appliances/Household Fans","12.37","57"
"bff08b0271fd4afebe0c1c29269c0ce0","Wentylator biurkowy Esperanza "Chinook" bia³o/szary","Esperanza","5901299914496","Household, Office and Garden/Household Appliances/Household Fans","9.56","50"
"a4edf9a81e0c48ecbb6b2013710d5ebb","Circulation ventilator Esperanza "Scirocco" ","Esperanza","5901299930755","Household, Office and Garden/Household Appliances/Household Fans","16.86","39"
"a316feadbfe146768ff35d347d8801b7","Maszynka do lodów Esperanza Vanilla EKI001","Esperanza","5901299954713","Household, Office and Garden/Household Appliances/Ice and Yogurt Makers","14.39","6"
"0e3a6a347d764b6089e1002801be780e","Juicer Esperanza "Carrot" 500W ","Esperanza","5901299931387","Household, Office and Garden/Household Appliances/Juicers","19.32","49"
"66773499c8f944bcbfd8aa725faf1d3c","Electric kettle Adler AD 1295 b 1,7L stalowy z LCD i regulacj¹ temperatury","Adler","5902934839266","Household, Office and Garden/Household Appliances/Kettles","22.20","1"
"ca81b0581b3d46979fb8fe9b9d9d5957","Electric kettle Esperanza Seine EKK026 1,7l szklany","Esperanza","5901299949849","Household, Office and Garden/Household Appliances/Kettles","13.12","20"
"bb2ab94a358a47bbae2bd31a757f2658","Electric kettle Esperanza z termometrem "Thames" 1.7L Inox","Esperanza","5901299956755","Household, Office and Garden/Household Appliances/Kettles","10.43","10"
"a06a3cbdc5ea490dbf2c3511edb20061","Fontanna czekoladowa Adler AD 4487","Adler","5902934839082","Household, Office and Garden/Household Appliances/Kitchen Appliance","15.74","1"
"824a7f82050e4cdebbd336917fa87580","Spieniacz do mleka Adler AD 4494 bia³y","Adler","5903887809726","Household, Office and Garden/Household Appliances/Kitchen Appliance","21.95","2"
"ad926fcd249f49b786fc907205d01adc","Termos Adler AD 4506 czarny, wywietlacz LED, 473ml ","Adler","5905575900791","Household, Office and Garden/Household Appliances/Kitchen Appliance","4.74","1"
"9e1ffa8efe1f4ed5b63e907b89fa743a","Maszynka do popcornu Esperanza Poof EKP005W bia³a","Esperanza","5901299930458","Household, Office and Garden/Household Appliances/Kitchen Appliance","10.37","32"
"b8f74df6fd2546baa56ce765609c17da","Spieniacz do mleka Camry CR 4498","Camry","5903887803861","Household, Office and Garden/Household Appliances/Kitchen Appliance","35.92","3"
"c9c581aefd684f92b85e83a9f200ee71","Piekarnik elektryczny Adler AD 6025 35L","Adler","5905575906632","Household, Office and Garden/Household Appliances/Ovens","62.11","2"
"106be1d58b1448c58371e82f7213910e","Piekarnik elektryczny Adler AD 6027 48L","Adler","5905575906656","Household, Office and Garden/Household Appliances/Ovens","78.07","1"
"e4846456e308429591805b855499d7ea","Shaver Esperanza "Razor" blue ","Esperanza","5901299915769","Household, Office and Garden/Household Appliances/Shave and Hair Removal","7.89","25"
"0004f6609ddc49f8aeea3f55a19425e9","Strzy¿arka dla zwierz¹t Camry CR 2821","Camry","5908256835085","Household, Office and Garden/Household Appliances/Shave and Hair Removal","16.21",""
"0c5757d5c7224c11905645514b019c26","2 in 1 rechargeable vacuum cleaner Teesa SWEEPER 7000","Teesa","5901890056281","Household, Office and Garden/Household Appliances/Vacuum Cleaners","88.24","2"
"e979926e767b42c58fcef9ea6f49ba14","Biurko elektryczne Mark Adler Leader 7.0 White","MarkAdler","5903796013818","Household, Office and Garden/Office/Desks","93.15","7"
"18a79e039a3a47cbb4fcc3180f85ec25","Biurko elektryczne Mark Adler Leader 7.0 Craft","MarkAdler","5903796014594","Household, Office and Garden/Office/Desks","101.63","2"
"3172426d78d9445aa6c79dd61027d804","Fotel biurowy Mark Adler Boss 3.2 Black","MarkAdler","5903796011425","Household, Office and Garden/Office/Office Chairs","67.70","2"
"ebbdc3aa805a4454aad24bec129675aa","Fotel biurowy Mark Adler Expert 4.9 Black","MarkAdler","5903796011531","Household, Office and Garden/Office/Office Chairs","118.60","2"
"45107f9171a94cca9606190362d73ddb","Fotel biurowy Mark Adler Expert 6.2","MarkAdler","5903796011760","Household, Office and Garden/Office/Office Chairs","114.87","12"
"5851f45860c04f26aea439e64d11de0c","Fotel regulowany dla dziecka Mark Adler Junior 3.0 Grey","MarkAdler","5903796017854","Household, Office and Garden/Office/Office Chairs","33.77","9"
"068963f8b69c490a91af392035178066","Fotel regulowany dla dziecka Mark Adler Junior 4.0 Grey","MarkAdler","5903796017823","Household, Office and Garden/Office/Office Chairs","43.95","12"
"4c94d98abd604583b2b8d74eb78b91bc","Fotel regulowany dla dziecka Mark Adler Junior 4.0 Pink","MarkAdler","5903796017830","Household, Office and Garden/Office/Office Chairs","43.95","11"
"e0e48098d7a44470b8664ad38650ad0a","Fotel regulowany dla dziecka Mark Adler Junior 5.0 Blue","MarkAdler","5903796016697","Household, Office and Garden/Office/Office Chairs","67.70","8"
"fbcda3a5c02c43f087c58e957c33dac0","Gamepad / kontroler Esperanza EG106 Corsair","Esperanza","5905784769448","Input devices/Gamepads","4.28","40"
"5f90830ea2f241ca8d667671b74fd12e","Gamepad PS3/PC USB Esperanza "Trooper" czarno/zielony","Esperanza","5901299947173","Input devices/Gamepads","3.95","42"
"0989ef55b0164a3fb1aa96cb2843cf36","Gamepad PS3/PC USB Esperanza "Vanquisher" czarny","Esperanza","5901299953150","Input devices/Gamepads","7.26","43"
"23ee6082fda544bd8732630b67a8d6a5","Gamepad Esperanza EGG114K PC/XBOX ONE/XBOX Series X/S USB Pirate czarny","Esperanza","5901299946817","Input devices/Gamepads","18.96","50"
"84d5a0bde52d4112b39cb53b36b5b5e0","Wired keyboard Lenovo Preffered Pro II USB US QWERTY","Lenovo","0191200574931","Input devices/Keyboards","16.05","9"
"960c2ac0741744d2aca8c5e7d3fcc67e","Wireless keyboard Modecom MC-TPK1 z touchpademblack ","Modecom","5901885245386","Input devices/Keyboards","31.72","3"
"45c57bd2deec4e3798f0f67813297d04","Wired keyboard Marvo KG917 Mechaniczna Gaming LED","Marvo","6932391921906","Input devices/Keyboards","16.90","9"
"0124c80eb49a49e9b8ffb3f2d5f028e5","Wired keyboard Marvo Hecate 61R BK TKL 60% Mechaniczna Gaming RGB","Marvo","6932391930236","Input devices/Keyboards","19.28","15"
"4d365a25dd3544b4b67a1ff43575ada8","Wired keyboard Marvo Hecate 61R WH TKL 60% Mechaniczna Gaming RGB","Marvo","6932391930243","Input devices/Keyboards","19.28","13"
"0117b7f4724842c2be599ec142d02458","Wired keyboard Marvo Hecate 61B BK TKL 60% Mechaniczna Gaming RGB","Marvo","6932391928981","Input devices/Keyboards","19.28","18"
"f2850e2745574c33aa5cd8c9b5ce42f9","Wired keyboard Marvo Shogo 63 RGB TKL Mechaniczna Gaming","Marvo","6932391935989","Input devices/Keyboards","26.95","14"
"42df9f1fdf584334aa312a6d699e30df","Wired keyboard Marvo Office KB005 Biurowa","Marvo","6932391927816","Input devices/Keyboards","4.94","14"
"4a90856cd6514c7d8ffae3a8a0dda69f","Wireless set klawiatura + mysz Logitech Wireless Combo MK345black ","Logitech","5099206053212","Input devices/Keyboars ,  Mouse ,  Headphones sets","34.80","43"
"54e1460baf814dd3b064260efedef807","Wireless set klawiatura + mysz Marvo WS005 WH Office","Marvo","6932391927717","Input devices/Keyboars ,  Mouse ,  Headphones sets","7.29","2"
"1e196bb0e2ae4060aba2e41cc26bb207","Wireless set klawiatura + mysz Marvo KC411W BK niski profil klawiszy","Marvo","6932391932001","Input devices/Keyboars ,  Mouse ,  Headphones sets","10.42","2"
"f37bf793ac0e42a1ba2d68afbc3c034c","Wireless set klawiatura z myszk¹ Titanum TK109 2.4GHZ USB ARKON","Titanum","5901299942611","Input devices/Keyboars ,  Mouse ,  Headphones sets","6.58","99"
"73388fdd1df04543a940bb7010a44b13","Wireless mouse Defender ACCURA MM-365 optyczna 1600dpi 6Pblue ","Defender","4714033523660","Input devices/Mice","4.11","22"
"1cd9d372d341484d82d565d45612e41e","Wired mouse Defender BULLETSTORM GM-928 7200dpi Gaming 7P RAINBOW","Defender","4714033529280","Input devices/Mice","6.85","18"
"b8e31f093d55431b87ffc492ec0e7045","Wired mouse Defender ARGA GM-049 3600dpi 6P + podk³adka Gaming","Defender","4745090826517","Input devices/Mice","5.45","10"
"273b9362f43f48828ba4f6497da33ded","Wireless mouse Esperanza ANTARES EM101R optyczna czarnored ","Esperanza","5905784767017","Input devices/Mice","3.62","98"
"fb442977a012422199f7a57c9059826f","Wireless mouse Esperanza Uranus 2.4GHz 4D zielonowhite ","Esperanza","5901299910948","Input devices/Mice","2.55","98"
"5e624884a19247e2a487ac78a35571a5","Wireless mouse Esperanza Uranus 2.4GHz 4D czerwonowhite ","Esperanza","5901299910924","Input devices/Mice","2.55","98"
"39eb3c8decea4919814d6cfd1c29fc84","Wireless mouse Esperanza Uranus 2.4GHz 4D bia³o-szara","Esperanza","5901299910955","Input devices/Mice","2.55","97"
"5c7ee43ddb3c4c5ba213968d8bacbbe0","Wired mouse Esperanza MX205 Fighter optyczna Gaming 6D USB czarnogreen ","Esperanza","5901299925539","Input devices/Mice","3.24","98"
"af9735479aca4dd9bf896d52b26451c5","Wireless mouse Logitech M190 optycznared ","Logitech","5099206091856","Input devices/Mice","7.93","41"
"9947f9d9441b4f5ba484a417ec71c81d","Wireless mouse Marvo M729W Gaming, 4800DPI, Akumulator","Marvo","6932391924686","Input devices/Mice","12.14","1"
"bf339bcc39af4d848180eb468c54719b","Wireless mouse Marvo G803 BK akumulatorowa Bluetooth + 2,4GHz","Marvo","6932391932360","Input devices/Mice","16.15","16"
"dd67d633bee842a6bfa516cf3f38a739","Wireless mouse Marvo G803 WH akumulatorowa Bluetooth + 2,4GHz","Marvo","6932391932377","Input devices/Mice","16.15","20"
"0d12669d57d34f70bdcf591373763987","Wireless mouse Marvo M708W akumulatorowa wertykalna","Marvo","6932391925096","Input devices/Mice","15.11","2"
"ceb59296c1754766a7c772b1705225e1","Wireless mouse Marvo WM103 BK 2,4GHz Cichy Klik Symetryczna","Marvo","6932391927830","Input devices/Mice","3.39","4"
"b0b69b1ffbdf427eb402a2f026f363f9","Wireless mouse Marvo WM103 WH 2,4GHz Cichy Klik Symetryczna","Marvo","6932391927847","Input devices/Mice","3.39","9"
"7997bad11e4848099b58f11f0e3ce963","Wireless mouse Marvo Prism B10 BK Bluetooth + 2,4 GHz","Marvo","6932391935491","Input devices/Mice","5.86","14"
"689b0199030d48e5a25b93393e022246","Wireless mouse Marvo Prism B10 WH Bluetooth + 2,4 GHz","Marvo","6932391935507","Input devices/Mice","5.86","11"
"0d0ed7778938468b9d5dc39e49d7d081","Wireless mouse Marvo Prism B10 OR Bluetooth + 2,4 GHz","Marvo","6932391935514","Input devices/Mice","5.86","16"
"3e4502fde9554360a819ce36a3684233","Wireless mouse Marvo M809W BK BT 5.2 + 2.4GHz Black","Marvo","6932391935521","Input devices/Mice","5.21","3"
"ecca838a0ec140d4906a60f475ecb7e8","Wireless mouse Marvo M809W OR BT 5.2 + 2.4GHz Orange","Marvo","6932391935569","Input devices/Mice","5.21","9"
"627e7cf487a74e89aed0db51f12cc2d6","Wireless mouse Marvo M809W WH BT 5.2 + 2.4GHz White","Marvo","6932391935538","Input devices/Mice","5.21","5"
"6147fd9761c445d387336b3d869254f9","Wired mouse Marvo M399 RGB Programowalna,  wzór plastra","Marvo","6932391906507","Input devices/Mice","8.28","10"
"663c16db9dbc4fd097e892fa3a0a5b11","Wired mouse Marvo M291 White gaming","Marvo","6932391932797","Input devices/Mice","4.69","4"
"d1ae76b5829c4593afe138cc4d30de42","Wireless mouse Verbatim Go Nano optycznablue ","Verbatim","0023942490449","Input devices/Mice","6.96","9"
"95344f3c10c8444d8395fa2d4b020b71","Wireless mouse Verbatim Go Nano optyczna pomarañczowa","Verbatim","0023942490456","Input devices/Mice","6.89","36"
"cc72024e9a064d228f30044b8b7f5933","Mousepad AOC AMM700 LIGHT FX SYNC RGB","AOC","4038986631150","Input devices/Mouse Pads","17.25","7"
"4564fc7ec486401589a7193b69394e77","Podk³adka / dywanik pod mysz Marvo Blaze XL","Marvo","6932391934975","Input devices/Mouse Pads","4.97","16"
"fedd0f68d94f40e0a47bf75215d693c7","Podk³adka / dywanik pod mysz Marvo Blaze L","Marvo","6932391934951","Input devices/Mouse Pads","3.03","12"
"8c197a9449a946b1ba07c029b125cda6","Podk³adka / dywanik pod mysz Marvo Noob XL","Marvo","6932391934906","Input devices/Mouse Pads","4.97","14"
"d8dfc0b979c04b3fa083d1ad91cdb3c4","Podk³adka / dywanik pod mysz Marvo Noob L","Marvo","6932391934913","Input devices/Mouse Pads","3.03","13"
"69114d2adbbb4f9da371fbf9651de16f","Podk³adka / dywanik pod mysz Marvo Noob M","Marvo","6932391934920","Input devices/Mouse Pads","2.21","8"
"ba1180312a534fabb71c4f7e40e48b3c","Podk³adka / dywanik pod mysz Marvo Blaze M","Marvo","6932391934968","Input devices/Mouse Pads","2.26","14"
"36a9257f17ca490796bce84a4f524279","Podk³adka / dywanik pod mysz Marvo Monka LOOP","Marvo","6932391934081","Input devices/Mouse Pads","11.72","20"
"b20c24f4217242798c6df2883bff5d8e","Podk³adka / dywanik pod mysz Marvo SCORP XL podwietlane krawêdzie","Marvo","6932391924778","Input devices/Mouse Pads","9.38","18"
"dceac9c7ef1a40e7ba69e828e194acb5","Wrist pad Marvo Crest 60 BK Ergonomiczna ze schowkiem ","Marvo","6932391934982","Input devices/Mouse Pads","5.21","15"
"4624966250e14e9886e8f2f77785729b","Wrist pad Marvo Crest 60 WH Ergonomiczna ze schowkiem ","Marvo","6932391935040","Input devices/Mouse Pads","5.21","20"
"28431d6b8610415b9d7d00822fd19173","Racing wheel Esperanza EG103 HIGH OCTANE for PC/PS2/PS3","Esperanza","5905784769295","Input devices/Racing Wheels","21.07","10"
"8dba20ada4c3449993ac89a1cf296372","Racing wheel Esperanza EGW101 "Drift"  for  PC/PS3","Esperanza","5901299946879","Input devices/Racing Wheels","39.75","10"
"2c41c969dcea4d1d82dc9ac4c5b416a0","Touch screen monitor Dahua DHI-LPH65-ST420-S3 65" 4K (Android 14.0)","DAHUA","6939554925443","Interactive Monitors","784.79","10"
"bf3540ab460f4bf7af1a3989c6fc5276","Touch screen monitor Dahua DHI-LPH75-ST420 75" 4K (Android 11.0 upg. 14.0)","DAHUA","6923172586551","Interactive Monitors","1105.99","6"
"f04aa13dd0034c25a0397874ef83b81e","Touch screen monitor Dahua DHI-LPH86-ST420 86" 4K (Android 11.0 upg. 14.0)","DAHUA","6923172586506","Interactive Monitors","1415.74","1"
"886589b871794871a8283a062506b963","Monitor interaktywny Dahua DHI-LPH86-MC480-U 86" 4K (Android 13.0 upg. 14.0;EDLA)","DAHUA","6939554913778","Interactive Monitors","1393.56","3"
"3a932c154ebe4c459711363a72091213","Touch screen monitor HIKVISION DS-D5B65RB/EL 65" 4K (Android 13.0)","HIKVISION","6942160481951","Interactive Monitors","812.84","10"
"b1db9a8eff0e44e7aca51185e82a79e4","Touch screen monitor LG CreateBoard 65TR3DK-BM 65" 4K (Android 13.0;EDLA)","LG","8806084704122","Interactive Monitors","934.42","10"
"c5f1faa7df064e4a834d158e55f98289","Touch screen monitor LG CreateBoard 75TR3DK-BM 75" 4K (Android 13.0;EDLA)","LG","8806084704184","Interactive Monitors","1298.91","10"
"048bb72fbdbd487f808f921bc9158672","Touch screen monitor Samsung 65" Flip Pro WM65B","SAMSUNG","8806094472493","Interactive Monitors","913.43","5"
"53beaaa84ebb427f9a7ce0eacc504007","Touch screen monitor ViewSonic ViewBoard IFP6550-5F 65" 4K","VIEWSONIC EUROPE","4589468732150","Interactive Monitors","1344.25","1"
"b549d53d33cd49aaa7b58dc303153da9","Touch screen monitor ViewSonic ViewBoard IFP6552-2F 65" 4K","VIEWSONIC EUROPE","0766907023183","Interactive Monitors","1738.10","2"
"a9d652d6e40042a386f42136ddf018ee","Touch screen monitor ViewSonic ViewBoard IFP6533-G 65" 4K (Android 11.0 upg. 13.0)","VIEWSONIC EUROPE","0766907024289","Interactive Monitors","839.26","10"
"6520ae9d90954c71a6241bde710e1487","Touch screen monitor ViewSonic ViewBoard IFP6553 65" 4K (Android 14.0)","VIEWSONIC EUROPE","0766907026764","Interactive Monitors","1978.66","2"
"f715d92dc51d4c9f9f7a55ff094e8155","Touch screen monitor ViewSonic ViewBoard IFP7550-5F 75" 4K","VIEWSONIC EUROPE","0766907022223","Interactive Monitors","1117.12","14"
"c49973e18a58405ea96fad9bd23a6aa7","Touch screen monitor ViewSonic ViewBoard IFP7553 75" 4K (Android 14.0)","VIEWSONIC EUROPE","0766907026771","Interactive Monitors","2282.20","4"
"0501c996880f43e484997c541d7d71a8","Touch screen monitor ViewSonic ViewBoard IFP8653 86" 4K (Android 14.0)","VIEWSONIC EUROPE","0766907026788","Interactive Monitors","2868.84","5"
"e2807d72b4274936a5111375a6570ab4","Docking station ASUS Simpro Dock II 90NX0460-P00030","Asus","4711081199670","Laptop Accessories/Docking Stations","115.91","50"
"4f8a387de7824af8bc6de0b8aa6bb31f","Plecak Lenovo na laptopa 15,6" B210 czarny","Lenovo","0193386076841","Laptop Accessories/Laptop Bags and Cases","14.61","1"
"e2935c9954254e86823e206b7075dd62","Stojak przenony DIGITUS na laptop 11" i 15" 5 k¹tów regulacji czarny","Digitus","4016032456063","Laptop Accessories/Laptop Cooling Pads","7.88","15"
"e68d7ae963664a4ebc4ce05e411be8f2","Podstawa ch³odz¹ca pod notebooka Marvo FN-41, 6 wentylatorów, uchwyt na telefon","Marvo","6932391925522","Laptop Accessories/Laptop Cooling Pads","12.28","16"
"9e5eb583f602444ea14d9d95ac121004","Podstawa ch³odz¹ca pod notebooka 19" Marvo ATLAS 43 HUB, RGB, regulacja wysokoci","Marvo","6932391936979","Laptop Accessories/Laptop Cooling Pads","18.72","11"
"00c377add52e46a7acc72ae4f1f85ca5","Podstawa ch³odz¹ca pod notebooka Marvo FN-40, HUB, RGB, regulacja wysokoci, FAN 18 cm","Marvo","6932391921951","Laptop Accessories/Laptop Cooling Pads","12.30","13"
"86220c4bdbe04301808f41a6eb0f61b5","Podstawka pod laptopa LYNXER - ergonomiczna, aluminum , regulowana","LYNXER","5903715535858","Laptop Accessories/Laptop Other Accessories","20.84","16"
"267f136805a640179101155f7a98bf4c","Notebook Acer TravelMate P4 TMP414-53-G2-TCO 14"WUXGA/Core 5 120U/16GB/SSD512GB/LTE/Intel Graphics/11PR State Blue 3Y","Acer","4711474156426","Laptops","721.29","4"
"b77ce4324f15453999cb5d5315fbe0bc","Notebook Acer TravelMate P2 TMP214-55-G2-TCO 14"WUXGA/i5-1345U/16GB/SSD512GB/UHD/11PR Steel Gray 3Y","Acer","4711474186737","Laptops","580.27","4"
"f95c8b4bcaeb4306bacaad638b064454","Notebook Acer TravelMate P2 TMP215-55-TCO 15,6"FHD/i5-1334U/16GB/SSD512GB/IrisXe/11PR Silver 3Y","Acer","4711474296818","Laptops","505.00","10"
"bdae0f46725a4254974518076d52526c","Notebook Acer TravelMate TMP216-51-G2-TCO 16"WUXGA/Core 5 120U/16GB/SSD512GB/Intel/11PR Steel Gray 3Y","Acer","4711474246264","Laptops","577.04","10"
"7106f5a85a9f407894698466d5bbad92","Notebook Acer TravelMate P4 16 TMP416-53-TCO 16"WUXGA/Ultra 5 125U/16GB/SSD512GB/Intel/11PR Slate Blue 3Y","Acer","4711474186744","Laptops","721.35","8"
"68e4860cc02f429daec97a51bb6d2fbb","Notebook Asus CR1104CGA-N00200 11,6"HD/N100/8GB/eMMC64GB/UHD/Chrome OS Mineral Grey 5Y","Asus","4711387831045","Laptops","377.82","20"
"905363b5d2fa4d2dafe8720b51430e87","Notebook Asus ExpertBook BM1403CDA-S60101X 14"FHD/Ryzen 5 7535U/16GB/SSD512GB/Radeon/11PR Gentle Grey 3Y","Asus","4711387784228","Laptops","559.85","20"
"36d555878ca247b4abd65741f3888c51","Notebook Asus ExpertBook BM1403CDA-S60102X 14"FHD/Ryzen 7 7735U/16GB/SSD512GB/Radeon/11PR Gentle Grey 3Y","Asus","4711387784273","Laptops","676.53","20"
"6e2505615f464bb1a6c7efde8db21a27","Notebook Asus B1403CVA-S60475X 14"FHD/i5-1335U/16GB/SSD512GB/IrisXe/11PR Gentle Grey 3Y","Asus","4711387767221","Laptops","583.18","20"
"012f0dc8642b47a78c8cc5f7cdfe6952","Notebook Asus ExpertBook B3404CMA_L-Q50159X 14"WUXGA/Ultra 5 125H/16GB/SSD512GB/Arc/4G LTE/11PR Star Black 3Y","Asus","4711387631911","Laptops","825.19","20"
"8653b08def0a4f65aff81c9c462dd067","Notebook Asus ExpertBook B9403CVAR-KM1338X 14"WQXGA+/Core 7 150U/16GB/SSD512GB/Intel/11PR Star Black 3Y","Asus","4711387784235","Laptops","1178.97","20"
"ea31fca0ef6f4a798e15606d99829ee4","Notebook Asus ExpertBook P5405CSA-NZ0408X 14"WQXGA/Ultra 7 258V/32GB/SSD1TB/Arc/11PR Misty Grey 3Y","Asus","4711387768556","Laptops","1166.60","20"
"3136449607394ee694190c8ae7096eb6","Notebook Asus ExpertBook B1503CVA-S71645X 15,6"FHD/Core 5 120U/16GB/SSD512GB/Intel/11PR Gentle Grey 3Y","Asus","4711387889039","Laptops","699.87","20"
"c2716fa3bf2948c4bb5ebe946de11477","Notebook Asus ExpertBook BM1503CDA-S70066X 15,6"FHD/Ryzen 5 7535U/8GB/SSD512GB/Radeon/W11PR Gentle Grey 3Y","Asus","4711387784198","Laptops","538.84","50"
"8d8d8da3e9a74b028c7fe17fac24a60e","Notebook Asus ExpertBook BM1503CDA-S70416W 15,6"FHD/Ryzen 5 7535U/16GB/SSD512GB/Radeon/W11 Gentle Grey 3Y","Asus","4711636008303","Laptops","466.50","13"
"227016735c474e1d963f307bee5de985","Notebook Asus ExpertBook B1503CVA-S70249X 15,6"FHD/i5-1335U/16GB/SSD512GB/UHD/11PR Gentle Grey 3Y","Asus","4711387784143","Laptops","538.06","20"
"a8b6e1a6c929498fabe93886f261de17","Notebook Asus ExpertBook B1503CVA-S71619X 15,6"FHD/i5-1335U/16GB/SSD512GB/UHD/11PR Gentle Grey 3Y","Asus","4711387888018","Laptops","513.47","50"
"834524e5142340438ec43ac62060469a","Notebook Asus ExpertBook B1503CVA-S71620W 15,6"FHD/i5-1335U/16GB/SSD512GB/UHD/W11 Gentle Grey 3Y","Asus","4711387889046","Laptops","489.84","50"
"d44dc0af43974ebcba35afac2089ee81","Notebook Asus ExpertBook P1503CVA-S70860W 15,6"FHD/i5-13420H/16GB/SSD512GB/UHD/W11 Misty Grey 3Y","Asus","4711387889077","Laptops","450.17","50"
"b80d0a6e70b84a8cae2b85635ce61120","Notebook Asus ExpertBook B1503CVA-S72273W 15,6"FHD/i5-1334U/16GB/SSD512GB/IrisXe/W11 Gentle Grey 3Y","Asus","4711636002462","Laptops","489.84","50"
"4bf5b6e4e4eb4dd2bf1bdc962aedd350","Notebook Asus ExpertBook B1503CVA-S72841W 15,6"FHD/i5-1334U/16GB/SSD512GB/IrisXe/W11 Gentle Grey 3Y","Asus","4711636008327","Laptops","478.17","50"
"d39f33ec730f4b1fb5b716cdef069178","Notebook Asus ExpertBook B1503CVA-S72164X 15,6"FHD/i5-1334U/16GB/SSD512GB/IrisXe/11PR Gentle Grey 3Y","Asus","4711387902561","Laptops","536.51","20"
"ca83b69c020347678054907fa0fc7a5e","Notebook Asus ExpertBook B1503CVA-S72272X 15,6"FHD/i5-1334U/16GB/SSD512GB/IrisXe/11PR Gentle Grey 3Y","Asus","4711636008297","Laptops","513.17","50"
"3be86d5f54804a63ad199d60ece3f474","Notebook Asus ExpertBook B3604CMA-Q90306X 16"WUXGA/Ultra 5 125H/16GB/SSD512/Arc/11PR Star Black 3Y","Asus","4711387603499","Laptops","769.88","50"
"87aebddd887c41ca869216ff47e6444e","Notebook Asus ExpertBook B5604CMA-Q90205X 16"WUXGA/Ultra 5 125H/16GB/SSD512/Arc/11PR Star Black 3Y","Asus","4711387661659","Laptops","839.89","17"
"9445ff765f824cc2984de5988c2b455b","Notebook Asus B5604CMA-Q90740X 16"WUXGA/Ultra 7 155H/32GB/SSD1TB/Arc/11PR Star Black 3Y","Asus","4711387889169","Laptops","1026.58","20"
"a6ad765cd2dc4782997a4e7d4c970a18","Notebook Asus Vivobook 15 X1502VA-BQ676W 15,6"FHD/i5-13420H/16GB/SSD512GB/UHD/W11 Granatowy","Asus","4711387883266","Laptops","448.80","6"
"38c6d19bd9564041a9dc2877686375d2","Notebook Dell Latitude 3450 14"FHD/i5-1345U/16GB/SSD512GB/IrisXe/11PR Graphite 3Y ProSupport","Dell","5901165765139","Laptops","790.83","7"
"eb7455490baf4734b87cf72c2e5b03c6","Notebook Dell Latitude 9440 14"WQXGA Touch/i7-1365U/32GB/SSD512GB/IrisXe/11PR Graphite 3Y ProSupport","Dell","5902002208697","Laptops","2077.73","1"
"63d21d83238c43d3b3c85b0afa609eb8","Notebook Dell Inspiron 3520 15,6"FHD/i5-1235U/16GB/SSD1TB/IrisXe/W11 Silver 3Y","Dell","5397184942109","Laptops","464.60","20"
"5152342b1f2844198f91c3178536fe4f","Notebook Dell Inspiron 15 3530 15,6"FHD/i5-1334U/16GB/SSD512GB/IrisXe/11PR Edu Carbon Black 3Y","Dell","","Laptops","486.51","5"
"b553f07f1e0044cf995cd639ff6879b8","Notebook Dell Inspiron 15 3530 15,6"FHD/i5-1334U/16GB/SSD512GB/IrisXe/BLK/11PR Edu Carbon Black 3Y","Dell","","Laptops","498.22","5"
"161158bf05ec4aeeb4d128333e6ec9f4","Notebook HP 250 G10 15,6"FHD/Core 5 120U/16GB/SSD512GB/Intel/W11 Silver 2Y","HP","0198990485201","Laptops","467.85","10"
"89fa2d98fad640058b908070ab3bf077","Notebook HP 255 G10 15,6"FHD/Ryzen 5 7530U/8GB/SSD512GB/Radeon/W11 Dark Ash Silver 1Y","HP","0198990614786","Laptops","354.25","10"
"2906f9a73cf4410c8e53a691c1934144","Notebook HP 250 G10 15,6"FHD/i5-1334U/16GB/SSD512GB/IrisXe/W11 Dark Ash Silver","HP","0198990614649","Laptops","392.02","10"
"cf6905f6bdb84f7a939bc7f009a8096d","Notebook HP ProBook 460 G11 16"WUXGA/Ultra 5 125U/16GB/SSD512GB/Intel Graphics/11PR Silver 3Y","HP","0198415857613","Laptops","651.43","20"
"737fde981833460b9441fef58af504a8","Notebook HP ProBook 460 G11 16"WUXGA/Core Ultra 7 155U/16GB/SSD512GB/Intel Graphics/11PR Silver 3Y","HP","0198415857699","Laptops","786.75","20"
"eaec1cd86713475ebda6df5dd9b8288d","Notebook Lenovo V15 G4 IRU 15,6"FHD/i3-1315U/16GB/SSD512GB/UHD Business Black 2Y","Lenovo","0198155460869","Laptops","296.63","12"
"d0dd91cc5a864124840268c0d5c333db","Notebook Lenovo ThinkBook 16 G7 IML 16"WUXGA/Ultra 5 125U/8GB/SSD512GB/Intel/11PR Grey 3Y","Lenovo","0198153100088","Laptops","646.45","9"
"f8ab6fc01ad54d15b6cb83afe81712eb","Notebook Lenovo ThinkPad L16 G1 16"WUXGA/Ultra 7 155U/16GB/SSD512GB/Intel/11PR Black 3Y","Lenovo","0197530997457","Laptops","1077.71","3"
"8fe7c405cdd54373b2a902cdcb5d6196","Notebook Lenovo ThinkPad L16 G1 16"WUXGA/Ryzen 7 7735U/16GB/SSD512GB/680M/11PR Black 3Y","Lenovo","0197530698507","Laptops","933.24","1"
"06ac2ccce6864258a6e5292c6ad2029d","Notebook Lenovo ThinkPad T16 G2 16"WUXGA/Ryzen 5 PRO 7540U/16GB/SSD512GB/740M/11PR Thunder Black 3Y","Lenovo","0197532242111","Laptops","1134.75","4"
"2796144cb69643a69f9361545beaaaca","Memory card HIKSEMI CAPTURE HS-CFE-E300A 240GB CFexpress Type A 800/700MB/s TLC","HIKSEMI","6976695094003","Memory/Compact Flash (CF)","88.61","7"
"f9427fb46d2a4b618d02dfee8394aff9","Memory card Compactflash SanDisk Extreme 32GB 120/85 MB/s","Sandisk","0619659123680","Memory/Compact Flash (CF)","26.48","25"
"e0686100eb414271b43448515b2df917","Memory DDR3 GOODRAM 8GB/1333MHz PC3-10600 CL9 1,5V","Goodram","5908267903193","Memory/DDR3","10.26",""
"cbdc56a3c3fe467bbc5a0aa4f69d772c","Memory DDR4 Crucial 32GB (1x32GB) 3200MHz CL22 1,2V","Crucial","0649528822475","Memory/DDR4","48.25","1"
"ee9b096e00094243ac27a80f80886201","Memory DDR4 HIKSEMI Hiker 8GB (1x8GB) 2666MHz CL19 1,2V","HIKSEMI","6974202727192","Memory/DDR4","11.58","7"
"97eade9c58c245e5a9927536c0aec66b","Memory DDR4 Lexar Thor 8GB (1x8GB) 3600MHz CL18 XMP 2.0 1,35V White","Lexar","0843367130238","Memory/DDR4","15.07","20"
"739fe6459f8449ee8554d7a302607849","Memory DDR4 Lexar Ares RGB 32GB (2x16GB) 3600MHz CL18 XMP 2.0 1,35V Black","Lexar","0843367111961","Memory/DDR4","63.65","28"
"8c66dea4fce947d897907c4c42256454","Memory DDR4 Silicon Power 8GB (1x8GB) 3200MHz CL22 1,2V","Silicon Power","4713436144090","Memory/DDR4","11.35","36"
"318d772a2fda4b9eb616a852d614c088","Memory DDR5 Crucial Pro OC Gaming Memory 32GB (2x16GB) 6400MHz CL38 1,35V White","Crucial","0649528945112","Memory/DDR5","80.48","5"
"d8453a32886c444c9e99989b6efc4205","Memory DDR5 G.Skill Flare X5 32GB (2x16GB) 6000MHz CL32 1,35V AMD EXPO","G.Skill","4713294232656","Memory/DDR5","90.40","1"
"84826a3aa1be4c0aaaab96b92a9ea3e2","Pamiêæ DDR5 G.Skill Ripjaws S5 32GB (2x16GB) 6000MHz CL30 1,35V XMP 3.0","G.Skill","4713294232120","Memory/DDR5","89.40","14"
"564aca5b5ef74a6da325c12274ad5f74","Pamiêæ DDR5 G.Skill Trident Z5 RGB 64GB (2x32GB) 6000MHz CL30 1,40V XMP 3.0","G.Skill","4713294231949","Memory/DDR5","181.98","9"
"4a74aa13a6a44541b22be74d9ef123ec","Memory DDR5 G.Skill Trident Z5 RGB 32GB (2x16GB) 6400MHz CL32 1,4V XMP 3.0 Black","G.Skill","4713294231369","Memory/DDR5","100.35","1"
"2d4bef6aad3440a0a40b92e769f82bc3","Memory DDR5 HIKSEMI Sword RGB 16GB (1x16GB) 6400MHz CL18 1,35V CL32 1.35V","HIKSEMI","6974202729042","Memory/DDR5","52.81","6"
"1efb006af6724d23b4ed5d3c18f69532","Memory DDR5 Kingston FURY Beast RGB 16GB (1x16GB) 6000MHz CL30 1,4V White EXPO","Kingston","0740617343441","Memory/DDR5","43.16","1"
"e4b8aba4a82744e2bccf26c128ddb96b","Memory DDR5 Kingston ValueRAM 32GB (1x32GB) 6400MHz CL52 1,1V Non-ECC 2Rx8","Kingston","","Memory/DDR5","68.87","6"
"1fb83992a7814b2686517e8edbcb3c6a","Memory DDR5 Kingston ValueRAM 32GB (1x32GB) 6400MHz CL52 1,1V Non-ECC 1Rx8","Kingston","","Memory/DDR5","68.87","10"
"46e7793be1e840c3864df8e8ad4a1c72","Memory DDR5 Kingston FURY Renegade 16GB (1x16GB) 6800MHz CL36 1,4V White","Kingston","0740617333619","Memory/DDR5","51.66","2"
"1820169e89c84ab6a707d18262edc473","Memory DDR5 Lexar Ares RGB 32GB (2x16GB) 6800MHz CL34 XMP 3.0 AMD EXPO 1,4V Black","Lexar","0843367133543","Memory/DDR5","107.65","19"
"b1bcaa57d9394fd3ab599a90f89d6d02","Memory DDR5 Patriot Viper Venom 32GB (2x16GB) 7000 MHz CL32 1,45V Intel XMP 3.0","Patriot Memory","","Memory/DDR5","88.42","10"
"61f4bb8eb5cf4002bc3f6e503fcd0eb8","Memory DDR5 Silicon Power XPOWER Pulse Gaming 32GB (1x32GB) 6000MHz CL30 1,35V Black","Silicon Power","4713436158639","Memory/DDR5","92.72","8"
"524b1d18e7684782bcc5fe1472917fec","Memory DDR5 Silicon Power XPOWER Zenith Gaming 64GB (2x32GB) 6000 MHz CL30 1,35V White","Silicon Power","4713436156109","Memory/DDR5","187.88","1"
"428be43d7b3841128d761ee6670cb8d7","Memory serwerowa GOODRAM 8GB (1x8GB) 3200MHz DDR4 ECC","Goodram","5908267962442","Memory/ECC","23.69","1"
"589ef8dfa38247b18fa1d25748c9fe4a","Memory serwerowa GOODRAM 8GB 2666MHz DDR4 ECC SR BULK","Goodram","5908267941898","Memory/ECC","23.69","2"
"067cbf20e5e546f68979f5f2ac08d91b","Memory serwerowa DDR4 Kingston Server Premier 16GB (1x16GB) 3200MHz CL22 1Rx8 ECC 1.2V Hynix (C-DIE)","Kingston","0740617325805","Memory/ECC","43.58","6"
"5f57e49e308547e5b48d94ca91acabe2","Memory serwerowa GOODRAM 16GB (1x16GB) 3200MHz DDR4 REG ECC CL22 1,2V","Goodram","5908267961629","Memory/ECC Registered","86.70","1"
"9f5e9e2342d24991820b360ce72860fd","Memory serwerowa GOODRAM 8GB 1600MHz DDR3 REG ECC","Goodram","5908267905005","Memory/ECC Registered","19.78","1"
"c315c3d0a5e44de3a8d1db87254ad76f","Memory serwerowa GOODRAM 16GB 1600MHz DDR3 REG ECC","Goodram","5908267905234","Memory/ECC Registered","35.90","1"
"5e29caea66d0417db69e0b63d5bb1805","Pendrive ADATA UE800 128GB USB 3.1 Type-C Silver","ADATA","4711085938008","Memory/PenDrive","16.34","16"
"d78d3f3945104cc295be8b81ad9c0504","Pendrive ADATA UE800 1TB USB 3.1 Type-C Silver","ADATA","4711085938039","Memory/PenDrive","58.05","1"
"cf9bf7f3b93b41b6a98b573deaabd980","Pendrive Apacer AH25B 32GB USB 3.2 gen.1 czarny","Apacer","4712389917096","Memory/PenDrive","2.46","154"
"9b54f60d30cc47a1a6d56a1385ee6b80","Pendrive Kingston IronKey Keypad 200C 128GB USB 3.2 Gen 1 Type-C","Kingston","0740617336610","Memory/PenDrive","129.93","3"
"4f4374a077ff49c9bf00d00c22e9a04c","Pendrive Lexar JumpDrive V40 32GB USB 2.0 czarny","Lexar","0843367105205","Memory/PenDrive","2.87","7"
"f6195a8ef8e64053b144846623d8ee98","Pendrive Lexar JumpDrive D400 32GB USB 3.2 Gen1 Type-C 100MB/s srebrny","Lexar","0843367129058","Memory/PenDrive","5.55","3"
"5091989337d14520a2e44eb7949ca21d","Pendrive Lexar JumpDrive V100 32GB USB 3.2 Gen1 szary","Lexar","0843367119523","Memory/PenDrive","3.86","14"
"6f4a5b25d66a48a0bf30c22c40faf265","Pendrive Lexar JumpDrive S60 64GB USB 2.0","Lexar","0843367120048","Memory/PenDrive","3.22","2"
"67e3e41451c149f38c378203abcff52e","Pendrive Lexar JumpDrive V40 128GB USB 2.0 czarny","Lexar","0843367128259","Memory/PenDrive","6.12","7"
"4566177664e14c1584e5abe25dc140d6","Pendrive Lexar JumpDrive S60 128GB USB 2.0","Lexar","0843367125432","Memory/PenDrive","5.58","9"
"3d94e8fb97364217879aa056b7289890","Pendrive Lexar JumpDrive M900 128GB USB 3.2 Gen1 400MB/s czarno-szary","Lexar","0843367129553","Memory/PenDrive","13.97","7"
"2a4ddd65dd504036ad84b370c3002a04","Pendrive Lexar JumpDrive S47 128GB USB 3.2 Gen1 250MB/s czarny","Lexar","0843367116386","Memory/PenDrive","11.21","3"
"43dbf1ba137f442bbfec655d7148d5f1","Pendrive Lexar JumpDrive S80 256GB USB 3.2 Gen1 150/60MB/s czarny","Lexar","0843367120208","Memory/PenDrive","16.20","2"
"d12b138f044b47acaf1660702a10393e","Pendrive Samsung USB-C 2022 128GB USB Type-C Flash Drive 400 MB/s Blue","SAMSUNG","8806092535893","Memory/PenDrive","15.46","6"
"6b7caf2960654f9184cea13d4cf01977","Pendrive Samsung FIT Plus 2020 128GB USB 3.1 Flash Drive 400 MB/s Black","SAMSUNG","8801643233556","Memory/PenDrive","14.72","12"
"4208828804a849d78e8f6e6accb9b7fd","Pendrive Samsung USB-C 2022 256GB USB Type-C Flash Drive 400 MB/s Blue","SAMSUNG","8806092535909","Memory/PenDrive","24.69","4"
"48ba9491bec84e2bb6eb4785ed50caef","Pendrive Samsung FIT Plus 2020 256GB USB 3.1 Flash Drive 400 MB/s Black","SAMSUNG","8801643233563","Memory/PenDrive","24.69","25"
"200936d109b84e24a6885bdc965c148b","Pendrive SanDisk Ultra Dual Drive 32GB / USB 3.1 Typ-C","Sandisk","0619659142049","Memory/PenDrive","6.00","37"
"50da8bb97ace40ae9ebc86f042deb806","Pendrive SanDisk iXpand FLASH DRIVE GO DUAL Lighting USB3.0 128GB","Sandisk","0619659169411","Memory/PenDrive","29.45","5"
"275f5503cb6641748cc5f9659e12d5ce","Pendrive SanDisk Ultra Dual Drive USB Type-C 512GB 150MB/s","Sandisk","0619659179182","Memory/PenDrive","37.36","5"
"a50bb9ece5c34e1190a6cfa25bc83bb7","Pendrive SanDisk Ultra USB 3.0 512GB","Sandisk","0619659179397","Memory/PenDrive","27.17","20"
"48a9ec736af848abbd1285107356613d","Pendrive SanDisk Ultra Fit USB 3.1 Flash Drive 512GB","Sandisk","0619659179328","Memory/PenDrive","28.67","14"
"90fcc070f17d4928b08f2ea3bbae25ca","Pendrive Silicon Power Blaze B02 32GB USB 3.1 Black","Silicon Power","4712702646467","Memory/PenDrive","2.93","13"
"94e4004ae0e34c83bea2f2ec1b6ef281","Pendrive Silicon Power Blaze B02 64GB USB 3.1 Black","Silicon Power","4712702646474","Memory/PenDrive","3.43","17"
"734fe6a67f9743b78194f0b1d6c4109d","Pendrive Silicon Power Blaze B07 64GB USB 3.2 Antybakteryjny","Silicon Power","4713436147350","Memory/PenDrive","3.62","37"
"f8bdd9a699644df2ae0d66bc019b2223","Pendrive Silicon Power Blaze B02 128GB USB 3.1 Black","Silicon Power","4712702646481","Memory/PenDrive","5.95","10"
"befb170e486044e6a84d02c3dbee0d70","Pendrive Verbatim 16GB Slider USB 2.0","Verbatim","0023942986966","Memory/PenDrive","2.82","46"
"ba281d0efb9f4f448a90c6078f2dd021","Pendrive Verbatim 32GB Slider USB 2.0","Verbatim","0023942986973","Memory/PenDrive","3.11","31"
"52ee381aba364e51939c455bb1e6c08d","Pendrive Verbatim Store 'n' Go 32GB USB-C 3.0","Verbatim","0023942494577","Memory/PenDrive","4.32","9"
"02d94847eeee4746a66059598aa96b8b","Pendrive Verbatim 64GB PinStripe USB 2.0","Verbatim","0023942490654","Memory/PenDrive","3.42","35"
"7b4db7f0613745faa389e3167dcc6f2a","Pendrive Verbatim 64GB Slider USB 2.0","Verbatim","0023942986980","Memory/PenDrive","3.36","9"
"b14eb5f2070d4a648da2929a50705d25","Pendrive Verbatim Store 'n' Go V3 MAX 128GB USB 3.0","Verbatim","0023942498087","Memory/PenDrive","16.36","23"
"1a54f828073e4fecbb4a42d66481760d","Memory card microSDHC GOODRAM 32GB M1A4 UHS-I + Adapter","Goodram","5908267930274","Memory/Secure Digital (SD)","2.89","142"
"9b7c3d7fed734ef6958702db5cbb6a4d","Memory card SDXC GOODRAM IRDM 128GB UHS-I U","Goodram","5908267911921","Memory/Secure Digital (SD)","15.99","10"
"e96efbef18c5476fbbd703d7960184f4","Memory card microSDXC GOODRAM 256GB M1AA-2560R12 cl 10 UHS-I + adapter","Goodram","5908267930175","Memory/Secure Digital (SD)","12.61","152"
"772b07493d1147f3afaa36ab1436c0b2","Memory card SDXC GOODRAM 256GB S1A0 cl 10 UHS-I","Goodram","5908267930243","Memory/Secure Digital (SD)","16.29","12"
"0de26771a9ac4d959bcfb7dce0a3277a","Memory card microSDHC HIKSEMI NEO HS-TF-C1(STD) 8GB 23/10 MB/s Class 10 TLC + adapter","HIKSEMI","6974202726065","Memory/Secure Digital (SD)","1.43","10"
"1c9e50f5598546c3bffa8d38006a164d","Memory card microSDXC HIKSEMI NEO PLUS HS-TF-E1(STD) 64GB 95/40 MB/s Class 10 TLC V30","HIKSEMI","6974202726324","Memory/Secure Digital (SD)","3.59","19"
"196fa665282a4b129c4deffd20eecb98","Memory card microSDXC HIKSEMI CAPTURE TF HS-TF-E3(STD) 64GB 180/150 MB/s Class 10 U1 TLC V30","HIKSEMI","6976695090845","Memory/Secure Digital (SD)","5.64","13"
"9469dc6ed754493ab228d139aeeddc43","Memory card SDXC HIKSEMI CAPTURE HS-SD-E60(STD) 128GB 250/100 MB/s Class 10 U3 TLC V60","HIKSEMI","6976695093976","Memory/Secure Digital (SD)","25.55","10"
"c241331bcc134691b9e37f41f83dfd1a","Memory card SDXC HIKSEMI CAPTURE HS-SD-E60(STD) 256GB 250/180 MB/s Class 10 U3 TLC V60","HIKSEMI","6976695094065","Memory/Secure Digital (SD)","46.30","10"
"a241b7c2d97f41c8af04f52c18eb0bbc","Memory card SDXC HIKSEMI CAPTURE HS-SD-E30(STD) 512GB 180/150 MB/s Class 10 U1 TLC V30","HIKSEMI","6976695090913","Memory/Secure Digital (SD)","34.33","10"
"04a4b55b12a54c9884662ccf0b78d286","Pendrive KIOXIA TransMemory U202 32GB USB 2.0 White","KIOXIA","4582563850200","Memory/Secure Digital (SD)","2.50","59"
"07235643ec1844d98c4bbf4880c4f9a6","Pendrive KIOXIA U202 32GB USB 2.0 Aqua","KIOXIA","4582563850248","Memory/Secure Digital (SD)","2.56","34"
"dafa083a5e9342c6bc38274e8cfbae62","Pendrive KIOXIA U301 32GB USB 3.2 Gen 1 White","KIOXIA","4582563850026","Memory/Secure Digital (SD)","2.93","15"
"64d7af7884964c76a21414ca962bdc40","Pendrive KIOXIA TransMemory U202 64GB USB 2.0 White","KIOXIA","4582563850217","Memory/Secure Digital (SD)","2.85","15"
"35f4f2dfe08a43c792b159fe20d17d2f","Pendrive KIOXIA U301 64GB USB 3.2 Gen 1 White","KIOXIA","4582563850033","Memory/Secure Digital (SD)","3.37","11"
"0cbc3fb249d84029b2df2dee401b2b93","Memory card MicroSDXC KIOXIA EXCERIA 64GB UHS-I Class 10","KIOXIA","4582563850811","Memory/Secure Digital (SD)","3.08","23"
"5b8be1262e3547b7b1816af85dbc5fe7","Pendrive KIOXIA TransMemory U202 128GB USB 2.0 White","KIOXIA","4582563850224","Memory/Secure Digital (SD)","5.20","19"
"bfaffd9107084c229c51c3fdfe5e14da","Memory card Lexar microSDXC Silver Plus 64GB V30 UHS-I U3 A2 205/100MB/s","Lexar","0843367135325","Memory/Secure Digital (SD)","7.51","2"
"41f08a9707764395ba1bc8cf67c89050","Memory card Lexar microSDXC PLAY 128GB V10 UHS-I U1 A1 150/10MB/s","Lexar","0843367121779","Memory/Secure Digital (SD)","11.59","2"
"4671d88d4fcd47ee8a92c5f31e8daf83","Memory card Lexar microSDXC High-Performance 633x 256GB V30 UHS-I U3 A1 100/45MB/s","Lexar","0843367119721","Memory/Secure Digital (SD)","18.41","11"
"feca0ee7241c4ccfb8936915663bd880","Memory card Lexar microSDXC Silver Plus 512GB V30 UHS-I U3 A2 205/150MB/s","Lexar","0843367135356","Memory/Secure Digital (SD)","46.70","11"
"10ad264fe23b499883a376c7db761e6c","Memory card Samsung PRO Endurance microSDXC 128GB (100/40 MB/s) + adapter","SAMSUNG","8806092767256","Memory/Secure Digital (SD)","16.71","12"
"12e3383ec640467887541c706490dd2f","Memory card MicroSDXC SanDisk EXTREME 64GB 170/80 MB/s A2 C10 V30 UHS-I U3","Sandisk","0619659193409","Memory/Secure Digital (SD)","6.87","28"
"7bf3c5a56b9f4859a9fea468cac599e7","Memory card MicroSDXC SanDisk EXTREME PRO 64GB 200/90 MB/s A2 C10 V30 UHS-I U3","Sandisk","0619659188573","Memory/Secure Digital (SD)","8.38","16"
"c647d2b6112b4d83b5fbf54e4b783dd6","Memory card MicroSDXC SanDisk Nintendo Switch 256GB 100/90 MB/s V30 UHS-I U3","Sandisk","0619659173869","Memory/Secure Digital (SD)","23.04","19"
"ca9347f5dcaf424dbe7139363b29bc32","Memory card microSDXC SanDisk Ultra 256GB 100MB/s C10 UHS-I","Sandisk","0619659196516","Memory/Secure Digital (SD)","14.86","2"
"adbfd8d81e3c42158f6ef582a86c71ba","Memory card microSDXC SanDisk Nintendo Switch 512GB 100/90MB/s UHS-I","Sandisk","0619659184650","Memory/Secure Digital (SD)","43.67","21"
"421b7b29a612407f85a0a95125ffb593","Memory card MicroSDXC SanDisk Ultra 1TB A1 C10 UHS-I","Sandisk","0619659200589","Memory/Secure Digital (SD)","73.44","4"
"051db673378a4a8291a82ce94f3f4aed","Memory card Silicon Power microSDXC Superior 128GB V30 UHS-1 U3 A1 + ADAPTER","Silicon Power","4713436128069","Memory/Secure Digital (SD)","5.44","1"
"217a097be98c48c79aa8a518210a0cc2","Memory card Silicon Power microSDXC Superior 256GB V30 UHS-1 U3 A1 + ADAPTER","Silicon Power","4713436128090","Memory/Secure Digital (SD)","14.78","10"
"3d93b1ff2073407b951e0486376c6f4b","Memory card Silicon Power microSDXC High Endurance Golden Series 256GB V30 UHS-1 U3 A1 4K UHD + adapter","Silicon Power","4713436150121","Memory/Secure Digital (SD)","21.74","3"
"e8d2a85ebea44114bd8950834895af21","Memory card Silicon Power microSDXC Power Inspire 256GB V30 UHS-I U3 A2 4K DDR200 170/150MB/s TLC + adapter","Silicon Power","4713436158325","Memory/Secure Digital (SD)","16.12","18"
"c3e5e93212144227aa204b759599c4c4","Memory card Silicon Power microSDXC Power Inspire 512GB V30 UHS-I U3 A2 4K DDR200 170/150MB/s TLC + adapter","Silicon Power","4713436158332","Memory/Secure Digital (SD)","33.17","20"
"f7d7dddf4d784c5baa2adef27c361f2e","Memory card Silicon Power microSDXC Superior 1TB V30 UHS-1 U3 A1 + ADAPTER","Silicon Power","4713436139546","Memory/Secure Digital (SD)","69.32","1"
"28a40afcc9b84b509e85a84904558ccb","Memory card MicroSDHC Verbatim 16GB Class 10","Verbatim","0023942440109","Memory/Secure Digital (SD)","2.84","79"
"82f292bf3b06434494e3f5de81feaf43","Memory card SDHC Verbatim Pro U3 32GB (90/45 MB/s) Class 10 UHS-1 V30","Verbatim","0023942470212","Memory/Secure Digital (SD)","5.46","7"
"3a3244cc7fd74b178dd3eebc83a7d04c","Memory SODIMM DDR5 Crucial 8GB (1x8GB) 4800MHz CL40 1,1V","Crucial","0649528906519","Memory/SO-DIMM","17.05","8"
"24bd6a3de07c4e40b37a3abac2a527ae","Memory SODIMM DDR5 Crucial 8GB (1x8GB) 5600MHz CL46 1,1V","Crucial","0649528929921","Memory/SO-DIMM","17.05","3"
"8c210522262745c5b6deb5ce4f923a63","Memory SODIMM DDR5 GOODRAM 16GB (1x16GB) 5600MHz CL46 1,1V","Goodram","5908267964262","Memory/SO-DIMM","35.89","19"
"9b7cc8e06fed43de819c70e63574a720","Memory SODIMM DDR5 GOODRAM 48GB (1x48GB) 5600MHz CL46 1,1V DR","Goodram","5908267901427","Memory/SO-DIMM","87.68","17"
"ffe78c322bd54d1c913af22fc36f9f46","Memory SODIMM DDR4 HIKSEMI Hiker 8GB (1x8GB) 2666MHz CL19 1,2V","HIKSEMI","6974202727246","Memory/SO-DIMM","11.43","32"
"22c01781868b42f3b98f965f6ab68ff8","Monitor Asus 27" ROG Strix XG27AQ 2xHDMI DP 2xUSB 3.0 g³oniki","Asus","4718017926256","Monitors/Monitors LCD","287.69","15"
"4d8115f3db9042f7a8bf953195c382e2","Monitor Asus 27" Eye Care GamingMonitor VA27DQFR HDMI DP VGA g³oniki","Asus","4711387523605","Monitors/Monitors LCD","116.81","3"
"897f0cfc402a4cae847a6b888a134b22","Monitor Dahua 23,8" LM24-P301A HDMI DP USB-C","DAHUA","6923172579744","Monitors/Monitors LCD","142.88","10"
"3d277c40979c4b07ab42370d1afdabd9","Monitor Dahua 23,8" LM24-B200S HDMI VGA g³oniki 2x1W","DAHUA","6923172582614","Monitors/Monitors LCD","84.26","11"
"c208d40412e94f9185c9c2bb9c07c83c","Monitor Dahua 27" LM27-B200S HDMI VGA g³oniki 2x1W","DAHUA","6923172568441","Monitors/Monitors LCD","95.25","3"
"0731266f0561469daef80faa19006903","Monitor Dahua 27" LM27-B201S HDMI VGA g³oniki 2x1W","DAHUA","6923172545909","Monitors/Monitors LCD","85.48","4"
"d3634ed1a59148b1852184d6d886482a","Monitor Dell 19" P1917S IPS VGA HDMI DP","Dell","5397184200384","Monitors/Monitors LCD","145.18","4"
"5528cb5f27b84109a575e68cb7b54be3","Monitor Dell 23,8" P2424HT (210-BHSK) HDMI DP RJ-45 5xUSB g³oniki","Dell","5397184821367","Monitors/Monitors LCD","267.65","2"
"9da9a1781d134374bf40c0cd84ce11bc","Monitor Dell 23,8" S2425HS (210-BMHH) IPS FHD 100Hz 2xHDMI g³oniki","Dell","5397184821626","Monitors/Monitors LCD","96.25","18"
"6ce2b12fc62340668e87778557d04367","Monitor Dell 24" P2425E (210-BMJF) IPS FHD+ 100Hz HDMI 2xDP 5xUSB RJ45","Dell","5397184821688","Monitors/Monitors LCD","186.45","7"
"89afa80e48914639834521df353b6a1c","Monitor Dell 23,8" P2425DE (210-BRDM) IPS QHD 100Hz HDMI 2xDP 2xUSB-C 3xUSB-A RJ-45","Dell","","Monitors/Monitors LCD","248.29","4"
"01d32537aedc4c79b57b192f255914a9","Monitor Dell 27" Alienware AW2724DM (210-BHTL) HDMI 2xDP USB","Dell","5397184657270","Monitors/Monitors LCD","227.73","2"
"c69eb98469494bf7aba1a0b3e85aee99","Monitor Dell 27" S2725HS (210-BMHG) IPS FHD 100Hz 2xHDMI g³oniki pe³na regulacja","Dell","5397184821657","Monitors/Monitors LCD","119.76","30"
"0e6481ab5f1349ee977f27c27f597659","Monitor Dell 27" E2725H (210-BNJP) VA FHD 75Hz DP VGA","Dell","5397184822258","Monitors/Monitors LCD","87.56","17"
"05b3828070784247acb61be807d6313e","Monitor Dell 31,5" P3225DE (210-BRDP) IPS QHD 100Hz HDMI 2xDP HUB RJ45","Dell","","Monitors/Monitors LCD","356.39","1"
"6efe36d1e1524e61a5726f0161a4aa90","Monitor Gigabyte 24,5" G25F2 IPS FHD 200Hz 2xHDMI DP g³oniki","Gigabyte","4719331867409","Monitors/Monitors LCD","89.15",""
"c76cd91c910a462e859ec81c585ed79f","Monitor Gigabyte 27" M27UA IPS 4K UHD 160Hz 2xHDMI DP HUB g³oniki","Gigabyte","4719331860837","Monitors/Monitors LCD","277.80","5"
"98d18d876e984a25bc3583bdcc6eb3b9","Monitor Gigabyte 31,5" AORUS FO32U2 2xHDMI DP 4xUSB g³oniki 2x5W","Gigabyte","4719331858117","Monitors/Monitors LCD","703.95","13"
"04046778ed2c416ab1ad3c4316e9a9de","Monitor Gigabyte 49" AORUS CO49DQ 2xHDMI DP 3xUSB 3.0 USB-C g³oniki 2x5W","Gigabyte","4719331855680","Monitors/Monitors LCD","694.84","19"
"8c99d9246e6945179dcd07f7e4f48d16","Monitor iiyama 23,8" G-Master G2470HS-B1 Red Eagle Fast IPS FHD 180Hz HDMI DP g³oniki","IIYAMA","4948570124466","Monitors/Monitors LCD","106.86","10"
"2e16376143404e4d9cd2ffceb2bff3c6","Monitor iiyama 23,8" ProLite XUB2493HS-B6 IPS FHD 100Hz HDMI DP g³oniki","IIYAMA","4948570123841","Monitors/Monitors LCD","103.78","8"
"ba17fbcaeffb4ffa8303aa4d7225ae5e","Monitor iiyama 23,8" ProLite XUB2497HSN-W1 IPS FHD 100Hz HDMI 2xDP HUB RJ-45 g³oniki","IIYAMA","4948570123223","Monitors/Monitors LCD","126.97","2"
"d44fd0b9ea4d499c828854383b2dcdb4","Monitor iiyama 27" ProLite XUB2792QSU-B6 IPS 100Hz HDMI DP 4xUSB-A USB-B g³oniki","IIYAMA","4948570122615","Monitors/Monitors LCD","170.87","3"
"e1f4b847de19466890f5b05edb7236f5","Monitor iiyama 31,5" ProLite X3270QSU-B1 IPS 2xHDMI DP g³oniki","IIYAMA","4948570123643","Monitors/Monitors LCD","180.36","10"
"fda1c69b97dd47728d9e12dd5f96cc19","Monitor LG 23,8" UltraGear 24GS60F-B HDMI DP","LG","8806096012321","Monitors/Monitors LCD","87.20","18"
"16b20bb6a7fc42d8bd3da601c9d6f567","Monitor LG 23,8" 24BA550-B HDMI DP VGA 5xUSB g³oniki","LG","8806096097656","Monitors/Monitors LCD","84.69","10"
"212c20b6a86246e895b487995f61bc16","Monitor LG 24" 24U631A-B IPS QHD 100Hz HDMI USB-C","LG","8806096358498","Monitors/Monitors LCD","105.73","17"
"390f7f1e955c47d4a6bb18da8885345f","Monitor LG 27" UltraGear 27GS60F-B HDMI DP","LG","8806096012369","Monitors/Monitors LCD","101.33","50"
"14b98e8634ab4a95a40f33a6ef334306","Monitor LG 27" 27BA550-B HDMI DP VGA 5xUSB g³oniki","LG","8806096097717","Monitors/Monitors LCD","100.40","7"
"74d7bfa71f3f4fca9f6d31038306db2d","Monitor LG 27" UltraGear 27GS50F-B HDMI DP","LG","8806096090688","Monitors/Monitors LCD","87.95","20"
"27f696e1c054403c88d552c0036b13b7","Monitor LG 27" UltraGear 27GS60QC-B VA WQHD 180Hz 2xHDMI DP","LG","8806096090664","Monitors/Monitors LCD","117.30","10"
"21a44179c229422ab1e4e0bf06d75a6f","Monitor LG 27" 27U631A-B IPS QHD 100Hz HDMI USB-C","LG","8806096358559","Monitors/Monitors LCD","111.41","12"
"a096ab7c03844ed59b450ad78499bd79","Monitor LG 27" UltraGear 27G850A-B Nano IPS 4K UHD 240Hz 2xHDMI DP HUB","LG","8806096384336","Monitors/Monitors LCD","525.85","20"
"15f89ef0410f4dddaadae5ad1116c0e2","Monitor LG 27" 27U421A-B.AEUQ VA FHD 100Hz HDMI USB-C","LG","8806096323809","Monitors/Monitors LCD","98.01","20"
"af7b28c618bd42b3a6edda733c6cf80e","Monitor LG 31,5" UltraFine 32UQ850V-W 4K UHD 2xHDMI DP 4xUSB g³oniki","LG","8806084240866","Monitors/Monitors LCD","404.99","25"
"c388e33019b648c1ba5f0816e7453b77","Monitor LG 31,5" UltraGear 32GS60QC-B VA WQHD 180Hz 2xHDMI DP","LG","8806096090657","Monitors/Monitors LCD","148.82","7"
"7c22527f6f4e48f9b3ffc9c95df22766","Monitor LG 31,5" 32U631A-B IPS QHD 100Hz HDMI USB-C","LG","","Monitors/Monitors LCD","137.31","6"
"aa62893c11d9460db7d779c93c92e488","Monitor LG 31,5" 32G810SA-W.AEU IPS 4K UHD 144Hz 2xHDMI DP HUB RJ45 g³oniki","LG","8806096349304","Monitors/Monitors LCD","560.77","5"
"67935f01cb8f4284a1a0c026e3296c3f","Monitor LG 34" UltraWide 34WP65CP-B 2xHDMI DP","LG","8806091970589","Monitors/Monitors LCD","240.81","10"
"51457546643f41e68f432d2070d76ed9","Monitor LG 34" UltraWide 34WR50QK-B WQHD 2xHDMI DP","LG","8806096199527","Monitors/Monitors LCD","193.39","6"
"8b86cdce891f401b9c729680f8fd8846","Monitor Lenovo 23,8" ThinkVision T24m-29 (63A5GAT6EU) HDMI DP 4xUSB 3.0 USB-C RJ-45","Lenovo","0196379327111","Monitors/Monitors LCD","170.21","5"
"ef471ed2d77a43da9257576074ab8400","Monitor Lenovo 23,8" ThinkVision T27h-30 27 (63A3GAT1EU) HDMI 2xDP 4xUSB 3.0 USB-C","Lenovo","0196379715826","Monitors/Monitors LCD","240.47","1"
"96e34cbd5f7b477a836f424c7c6509cc","Monitor Lenovo 23,8" ThinkVision P24h-30 (63B3GAT6EU) IPS QHD 60Hz HDMI DP USB-C HUB","Lenovo","0196380976834","Monitors/Monitors LCD","196.38","3"
"ed2eb27484154263b0ad99e9751dc689","Monitor Lenovo 27" ThinkVision T27hv-30 (63D6UAT3EU) IPS QHD 75Hz HDMI 2xDP HUB RJ45 g³oniki","Lenovo","0196801781870","Monitors/Monitors LCD","266.60","1"
"ffad119d6df244ddbd1b4126200401df","Monitor Lenovo 27" ThinkCenter Tiny-In-One 27 (11JHRAT1EU) IPS QHD 60Hz HDMI DP 2xUSB g³oniki","Lenovo","0195042227864","Monitors/Monitors LCD","297.08","1"
"ae583091137042c68a1e926fdd6e6a15","Monitor Lenovo 27" Legion R27qe (67C5GAC1EU) IPS WQHD 180Hz 2xHDMI DP","Lenovo","0198153418497","Monitors/Monitors LCD","146.69","15"
"6d74b03d3dd847fd886896a0c83b8488","Monitor Lenovo 34" ThinkVision T34w-30 (63D4GAT1EU) HDMI DP USB-C","Lenovo","0196801194922","Monitors/Monitors LCD","351.80","2"
"c7f56993f96e46de9f5e7489efd09ea6","Monitor MSI 23,8" PRO MP242AP HDMI DP VGA g³oniki 2x2W","MSI","4711377031813","Monitors/Monitors LCD","95.14","21"
"e00c4f10bc8c40c0a4961a66615b1fba","Monitor MSI 23,8" Modern MD2412P HDMI USB-C g³oniki","MSI","4711377093873","Monitors/Monitors LCD","117.72","31"
"bbf8a5b8f135445ea1bb6864179f1eea","Monitor MSI 23,8" PRO MP245G IPS FHD 100Hz HDMI DP VGA g³oniki","MSI","4711377211079","Monitors/Monitors LCD","98.16","50"
"48c248011e6f469d92bf2f381cc09da9","Monitor MSI 23,8" PRO MP2412W VA FHD 100Hz HDMI DP","MSI","4711377215749","Monitors/Monitors LCD","100.17","50"
"725958d7b43f4a37b532aa1d481b3fa1","Monitor MSI 24,5" MAG 256F Rapid IPS FHD 180Hz 2xHDMI DP","MSI","4711377151726","Monitors/Monitors LCD","130.15","14"
"6e48b53fab6544d5b931e60c12363b12","Monitor MSI 27" PRO MP273QW E2 IPS QHD 100Hz 2xHDMI DP g³oniki","MSI","4711377212854","Monitors/Monitors LCD","157.03",""
"6e22845fd8a641f09b9dbe19a22c058f","Monitor MSI 34" Modern MD342CQPW VA UWQHD 120Hz 2xHDMI DP 4xUSB g³oniki","MSI","4711377151948","Monitors/Monitors LCD","314.08","14"
"cc70f97e24754c6ab3ca7879576d6adc","Monitor MSI 34" Modern MD342CQP VA UWQHD 120Hz 2xHDMI DP HUB g³oniki","MSI","4711377151849","Monitors/Monitors LCD","315.25","50"
"f953a56886d44eeea8c439770181404c","Monitor Samsung 24" C432 (LS24C432GAUXEN) HDMI DP VGA 4xUSB","SAMSUNG","8806095057156","Monitors/Monitors LCD","81.82","28"
"1df1a2a72e084d62953da3d1e18b64b0","Monitor Samsung 24" C430 (LS24C430GAUXEN) HDMI VGA 4xUSB","SAMSUNG","8806095057262","Monitors/Monitors LCD","83.96","10"
"f85979d6e07c43ab9ddcec0c11b3a558","Monitor Samsung 24" Essential S40GD (LS24D400GAUXEN) IPS FHD 100Hz 2xHDMI DP","SAMSUNG","8806095802992","Monitors/Monitors LCD","92.81","11"
"fa0c81a2c27748e89567954fe7848446","Monitor Samsung 27" Odyssey G6 (LS27BG650EUXEN) 2xHDMI DP WiFi BT USB g³oniki","SAMSUNG","8806094192599","Monitors/Monitors LCD","267.22","1"
"fe8209223ab748f2a507622bd5e6d252","Monitor Samsung 27' C432 (LS27C432GAUXEN) HDMI DP VGA 4xUSB","SAMSUNG","8806095057309","Monitors/Monitors LCD","109.91","10"
"07f1b533bc9143d98774167722f5c168","Monitor Samsung 27" Viewfinity S7 LS27D700EAUXEN IPS 4K UHD 60Hz HDMI DP","SAMSUNG","8806095541761","Monitors/Monitors LCD","161.20","13"
"bd56fa7cfd8c4d68967748022ff48e9b","Monitor Samsung 32" Odyssey G70B (LS32BG700EUXEN) 2xHDMI DP 2xUSB","SAMSUNG","8806094138818","Monitors/Monitors LCD","413.24","6"
"7b87f4d9783d47d580fc0dd6332373d8","Monitor Samsung 32" Viewfinity S8 LS32D800EAUXEN VA 4K UHD 60Hz HDMI DP HUB","SAMSUNG","8806095542010","Monitors/Monitors LCD","305.29","5"
"5ce2b22d36504a8c9948baf5e54ce5b4","Monitor Samsung 32" Viewfinity S7 LS32D700EAUXEN VA 4K UHD 60Hz HDMI DP USB-A","SAMSUNG","8806095541969","Monitors/Monitors LCD","207.44","2"
"6bd4bd9a757a489a92ffdf5f74721f2d","Monitor Samsung 32" S39C LS32C390EAUXEN VA FHD 75Hz 2xHDMI DP g³oniki","SAMSUNG","8806094713657","Monitors/Monitors LCD","148.01","2"
"b00b23d5f3804f718973a3a0634ac8e5","Monitor Samsung 34" ViewFinity S5 (LS34C500GAUXEN) 2xHDMI DP","SAMSUNG","8806094760347","Monitors/Monitors LCD","204.78","4"
"3f0910d75f934d46b2e0da0a7d54b4de","Monitor Samsung 34" Viewfinity S6 LS34C652UAUXEN VA UWQHD 100Hz HDMI DP HUB g³oniki","SAMSUNG","8806094974751","Monitors/Monitors LCD","297.72","3"
"544d7fabf36d4a928003a7cfc4c66a05","Monitor Samsung 49" Odyssey OLED G93SC (LS49CG934SUXEN) HDMI DP 3xUSB g³oniki 2x5W","SAMSUNG","8806095053653","Monitors/Monitors LCD","878.78","1"
"0add5f2e0673452793b0ca08e257da9e","Monitor przenony Verbatim 15,6" PMT-15 Portable Touch HDMI USB 2.0 2xUSB-C Ultra HD 4K","Verbatim","0023942322382","Monitors/Monitors LCD","248.30","7"
"bc5df1fcf7b24f61a434216c8cdd08f7","Monitor ViewSonic 23,8" XG2431 (VS18533) 2xHDMI DP","VIEWSONIC EUROPE","0766907011074","Monitors/Monitors LCD","228.98","11"
"4316baa2032046c280382f52a666f817","Monitor ViewSonic 23,8" VX2476-SMH (VS18115) 2xHDMI VGA g³oniki 2x2W","VIEWSONIC EUROPE","0766907006476","Monitors/Monitors LCD","84.71","9"
"dd13ef247a3e41df990319302faeb817","Monitor ViewSonic 23,8" VA240-H HDMI VGA","VIEWSONIC EUROPE","0766907026948","Monitors/Monitors LCD","58.67","9"
"997f8f33e17448f8a8eb989c45e8ad67","Monitor ViewSonic 24" XG24G1 GamingMonitor IPS FHD 180Hz 2xHDMI DP","VIEWSONIC EUROPE","0766907032932","Monitors/Monitors LCD","108.78","3"
"a9d35617800548a5a1af454bc5c0dfdd","Monitor ViewSonic 27" VA270-H HDMI VGA","VIEWSONIC EUROPE","0766907026955","Monitors/Monitors LCD","70.52","30"
"57889b0723f34b41bdafacf5a620ec55","Monitor ViewSonic 27" VA2708-2K-HD 2xHDMI DP","VIEWSONIC EUROPE","","Monitors/Monitors LCD","110.09","22"
"b4cb4d53057445bfa1d0af8c0c2464bd","Monitor ViewSonic 27" VX2779A-HD-PRO GamingMonitor IPS FHD 240Hz 2xHDMI DP","VIEWSONIC EUROPE","0766907031140","Monitors/Monitors LCD","137.11","10"
"34bad2dda12e482a8da0be0a945d5cbd","Monitor ViewSonic 27" VX27G1-HD IPS FHD 180Hz 2xHDMI DP","VIEWSONIC EUROPE","0766907032642","Monitors/Monitors LCD","101.53","10"
"492d7c7c5c8c4eb4a39bcc6af5ca2dc9","Monitor ViewSonic 31,5" VX3276-MHD-3 (VS18391) HDMI DP D-Sub","VIEWSONIC EUROPE","0766907011104","Monitors/Monitors LCD","153.75","9"
"d7f22ffdeec249c3944a2916362dcb22","Board Asus PRIME B650M-R /AMD B650/DDR5/SATA3/M.2/PCIe4.0/AM5/mATX","Asus","4711387429761","Motherboards/AMD Socket AM5","89.13","3"
"49f0cfdc732b44f4b912d02fe33e522f","Board Asus PRIME N100I-D D4-CSM /N100/DDR4/SATA3/M.2/USB3.1/PCIe3.0/mITX","Asus","4711387262320","Motherboards/INTEL CPU onboard","64.08",""
"5f3ed63694a845f2a160892a332f2e53","Board Asus PRIME H510M-R R2.0 SI /H470/DDR4/SATA3/USB3.0/PCIe4.0/s.1200/mATX","Asus","4711387195437","Motherboards/INTEL Socket 1200","48.83","8"
"6eb25e00fafe40678532d14ba50dde5a","Board Asus PRO B660M-C D4-CSM /B660/DDR4/SATA3/M.2/USB3.0/PCIe4.0/s.1700/mATX","Asus","4711081509431","Motherboards/INTEL Socket 1700","89.12","5"
"0608f37685234abeaf8389cf92f497f0","Board Asus TUF GAMING B760M-PLUS WIFI II /B760/DDR5/SATA3/M.2/USB3.2/WiFi/BT/PCIe5.0/s.1700/mATX","Asus","4711387461365","Motherboards/INTEL Socket 1700","139.29","8"
"05a7f446fe41422096ac51b99da81e6d","Board Asus TUF GAMING B760M-PLUS II /B760/DDR5/SATA3/M.2/USB3.2/PCIe5.0/s.1700/mATX","Asus","4711387469798","Motherboards/INTEL Socket 1700","130.35","1"
"06538c17bddd40f5a2f1cab4d96f026a","Board Asus ROG MAXIMUS Z890 EXTREME /Z890/DDR5/SATA3/M.2/USB4/WiFi/BT/PCIe5.0/s.1851/E-ATX","Asus","4711387754153","Motherboards/INTEL Socket 1851","1112.76","2"
"04793ec70ee24c4d9efc7112fa1e8f54","Board Asus ROG MAXIMUS Z890 APEX /Z890/DDR5/SATA3/M.2/USB4/WiFi/BT/PCIe5.0/s.1851/ATX","Asus","4711387754290","Motherboards/INTEL Socket 1851","607.67","6"
"b6b20ea054324ec79dff345ce3f049f2","Board Asus ROG STRIX Z890-E GAMING WIFI /Z890/DDR5/SATA3/M.2/USB4/WiFi/BT/PCIe5.0/s.1851/ATX","Asus","4711387756133","Motherboards/INTEL Socket 1851","435.71","10"
"5737530693884629855a6d367179d387","Board Asus PRIME Z890-P /Z890/DDR5/SATA3/M.2/USB3.2/PCIe5.0/s.1851/ATX","Asus","4711387759103","Motherboards/INTEL Socket 1851","220.80","10"
"eb4482cffee446fd9fdda69db82f3517","Board Gigabyte B860 GAMING X WIFI6E /B860/DDR5/SATA3/M.2/USB4/WiFi/BT/PCIe5.0/s.1851/ATX","Gigabyte","4719331866532","Motherboards/INTEL Socket 1851","160.69","1"
"b77c96a9143b482eb6371be954359619","Board Gigabyte B860M GAMING X WIFI6E /B860/DDR5/SATA3/M.2/USB4/WiFi/BT/PCIe5.0/s.1851/M-ATX","Gigabyte","4719331867133","Motherboards/INTEL Socket 1851","142.00","22"
"a4065bdf1ad74c408172207b1a624815","Access Point WiFi Kontroler Edimax PRO APC500 32xAP Bezprzewodowy kontroler AP","Edimax Technology","4717964701008","Network Equipment/Wifi Networks/Access Point","180.49","2"
"ac8bfb7e03ab45f6a2e6834585326e8c","Access Point MikroTik hAP ac lite (650MHz CPU) 32MB RAM, 4x LAN, 2.4GHz 802.11b/g/n, RouterOS L4","Mikrotikls","4752224003195","Network Equipment/Wifi Networks/Access Point","37.20","1"
"2578d0ce71634d5a9e2ff72bef17a8eb","Access Point TP-Link EAP783 BE19000 Wi-Fi 7 2x10GbE PoE++ Omada Sufitowy","TP-Link Systems Inc.","4895252503517","Network Equipment/Wifi Networks/Access Point","496.63","2"
"333773943c104ae3bf2975b671c14eea","Access Point UBIQUITI U6-ENTERPRISE-IW Wi-Fi 6E 4x1GbE 1x2,5GbE MU-MIMO OFDMA PoE","Ubiquiti Networks Inc","0810010077523","Network Equipment/Wifi Networks/Access Point","245.76","2"
"099bb8fc0c344237b3666da0cae345d8","Access Point Zyxel WAX510D-EU0101F AX1800 Wi-Fi 6 1xLAN MU-MIMO PoE","ZYXEL","4718937610303","Network Equipment/Wifi Networks/Access Point","204.43","1"
"ae3cc5fa6a3c406287140112677ceb86","Access Point Gigabit PoE IP-COM By Tenda Pro-6-IW","IP-COM","6932392828853","Network Equipment/Wifi Networks/Access Point","61.79","1"
"795fd2785c784f01a4f32c894fe1b58b","Antena MikroTik RBLHGG-60ad PoE 60GHz","Mikrotikls","4752224004055","Network Equipment/Wifi Networks/Wifi Network Accessories","106.10","2"
"177ea50cd2d74e27b6ddef6aa9edccf8","Antena WiFi UBIQUITI airMAX AC RD-5G31-AC 5 GHz, 31 dBi","Ubiquiti Networks Inc","0810354021411","Network Equipment/Wifi Networks/Wifi Network Accessories","240.94","2"
"b9afb080607147f482319bd8da882eb3","Router Edimax BR-6428nS V5 WiFi N300 4xLAN 1xWAN","Edimax Technology","4717964703316","Network Equipment/Wifi Networks/Wifi Routers","12.33","1"
"7bdea6bd3cd84208906608621f085e61","Router Synology RT6600AX","SYNOLOGY","4711174724673","Network Equipment/Wifi Networks/Wifi Routers","263.66","1"
"3f22aea75edd40d5b5e62ae2b98bf28a","Hanging cabinet Intellinet BASIC, 9U, 540/560, Rack 19", szklane drzwi, FLATPACK, black ","Intellinet","0766623714808","Network Equipment/Wired Networks/ Racks, Cabinets and Accessories","76.46","1"
"d2eb42ae666a47aeb3117aab34344faa","Szafa hanging , zmontowana Intellinet 4U+2U, 540x550, Rack 19", niskoprofilowana, black ","Intellinet","0766623713689","Network Equipment/Wired Networks/ Racks, Cabinets and Accessories","92.04","1"
"571ec2e89e9f4b9fa29cbf1b6c1e589d","Connector modularny Intellinet RJ45 STP Cat.6a 10G ekaranowany, beznarzêdziowy","Intellinet","0766623790741","Network Equipment/Wired Networks/Network Plugs and Adapters","4.31","1"
"b8a4aa9f7b7f4ef79a989553a8e27a3e","Splitter Edimax GP-101ST","Edimax Technology","4717964701374","Network Equipment/Wired Networks/Powerline ,  HomePlug","15.21","1"
"aa73b14d6e88424db73ec425c095ea3c","Adapter Edimax Gigabitowy injector PoE GP-101IT","Edimax Technology","4717964700827","Network Equipment/Wired Networks/Powerline Network Adapters","19.35","2"
"7069fbff8029484594cd72a58415f566","Modu³ SFP Edimax MG-1000 v2 1000Base-T SX LX SFP","Edimax Technology","4717964701732","Network Equipment/Wired Networks/Switch Accessories","20.79","2"
"f3a1c440aa9846beac772d6a9de91492","Media converter WDM Fast Ethernet TP-Link MC112CS","TP-Link Systems Inc.","6935364030421","Network Equipment/Wired Networks/Switch Accessories","16.71","1"
"2a79c69421aa4473b4e9e809e6c6ebd9","Unmanaged switch D-Link DGS-1008D rev.K1 8x10/100/1000 Mb/s","D-Link","0790069252747","Network Equipment/Wired Networks/Switches","16.32","2"
"50d7ddcf5f4f42e88f4455f22aa52414","Unmanaged switch D-Link 8-portowy GO-SW-8E","D-Link","0790069388286","Network Equipment/Wired Networks/Switches","6.91","1"
"d58edff563f14c8890d45b2a0fc34838","Managed switch Dahua CS4006-4ET2ET-60 6x10/100Mbps PoE 60W","DAHUA","6939554935190","Network Equipment/Wired Networks/Switches","26.16","1"
"90d21ff228ef475a88a00ecbaaf331e8","Unmanaged switch Edimax GS-1026 V3 24x10/100/1000 2xSFP","Edimax Technology","4717964704290","Network Equipment/Wired Networks/Switches","78.78","1"
"c64442e2a91c41d2914a46cfef80dade","Unmanaged switch Edimax GS-1005BE 5x100/1000/2500Mb/s","Edimax Technology","4717964703729","Network Equipment/Wired Networks/Switches","72.38","2"
"e538d87d7ca44aab9b05380f117a289a","Managed switch Intellinet 16x 10/100/1000 Mbps PoE+ 220W + 2x SFP VLAN","Intellinet","0766623561341","Network Equipment/Wired Networks/Switches","290.49","1"
"324dba268fb442db994dda34e3be7bf8","Unmanaged switch Netgear GS116GE 16x 10/100/1000 ProSafe","Netgear","606449035001","Network Equipment/Wired Networks/Switches","57.66","1"
"7e5321b904bd4f87aa401f4f10f65712","Managed switch Netgear GS110TP 8x10/100/1000 RJ45 PoE 2xSFP Smart Managed","Netgear","0606449137644","Network Equipment/Wired Networks/Switches","113.41","1"
"f09d3831ec3347eebc6552dba536f15e","Unmanaged switch Tenda TEG1126P-24-410W  24-port 1GbE PoE 410W","Tenda","6932849431872","Network Equipment/Wired Networks/Switches","201.57","2"
"ef582e707f9841f0bcbeef5dfe4d53ae","Unmanaged switch Tenda TEG1005F 48x1GbE 2xSFP","Tenda","6932849431889","Network Equipment/Wired Networks/Switches","165.79","2"
"4ede40f452f746b2b54c2712d5c55856","Unmanaged switch TP-Link TL-SG1218MP 16x10/100/1000 PoE+ 2x10/100/1000 2xSFP","TP-Link Systems Inc.","6935364072155","Network Equipment/Wired Networks/Switches","156.06","2"
"5315640f0322488c8bcc5db3e4ba2bb0","Unmanaged switch TP-Link SG1006PP 6GE (3PoE+ 1PoE++)","TP-Link Systems Inc.","4895252500325","Network Equipment/Wired Networks/Switches","44.71","1"
"da0170227c264286aaa6204bea830517","Unmanaged switch TP-Link TL-SF1006P 6x10/100 4xPoE+","TP-Link Systems Inc.","6935364030933","Network Equipment/Wired Networks/Switches","31.21","2"
"48906d8f12da4912889b79e462afbb99","Managed switch TP-Link TL-SG1016PE Easy Smart 16x 10/100/1000Mb PoE+","TP-Link Systems Inc.","6935364098865","Network Equipment/Wired Networks/Switches","119.65","2"
"068c13f293a54ef087f97e56d5b61d25","Managed switch TP-Link SG3452XMPP L2+ Omada 48x1GE 40x PoE+ 8x PoE++ 750W 4xSFP+ 10GE","TP-Link Systems Inc.","8885020620870","Network Equipment/Wired Networks/Switches","842.76","1"
"656eef4e0e67474f9528558e8662cb07","Managed switch TP-Link SG3428XMPP L2+ Omada 24x1GE  16x PoE+ 8x PoE++ 500W 4xSFP+ 10GE","TP-Link Systems Inc.","8885020620856","Network Equipment/Wired Networks/Switches","530.63","1"
"4e36e3dffd244befbe438cd06ae0c770","Managed switch UBIQUITI UniFi Switch Lite 16 PoE (USW-LITE-16-POE ) 16x 10/100/1000Mb/s (8xPoE+) ","Ubiquiti Networks Inc","0810010071163","Network Equipment/Wired Networks/Switches","159.03","2"
"0918aa270b264c67992b6627ff90fc5d","Managed switch UBIQUITI EdgeSwitch ES-16-XG 12xSFP+, 4x10Gb","Ubiquiti Networks Inc","0810354024535","Network Equipment/Wired Networks/Switches","465.49","2"
"47d6027319cf4a5199bcd62a9fc8027e","Unmanaged switch Zyxel MG-105-ZZ0101F 5x10/100/1000 Mbps","ZYXEL","4718937620203","Network Equipment/Wired Networks/Switches","59.75","2"
"d1a28ec1c65b4aba92251471b81dbfad","Managed switch Zyxel GS1200-5HP v2 5x10/100/1000 4xPoE+ RJ45","ZYXEL","4718937598717","Network Equipment/Wired Networks/Switches","42.39","2"
"10577c021708440f9644554b0505844a","Managed switch Zyxel GS1200-8HP v2 8x10/100/1000 4xPoE+ RJ45","ZYXEL","4718937600601","Network Equipment/Wired Networks/Switches","56.53","2"
"d16e30143dcf4fb0946779a9cd8ad806","Managed switch Zyxel GS1900-24 24x10/100/1000, 2xSFP","ZYXEL","4718937621231","Network Equipment/Wired Networks/Switches","99.89","1"
"a35544681553466784c84e3c225d9106","Managed switch Zyxel XGS1930-28 24x1GbE 4xSFP+","ZYXEL","4718937594962","Network Equipment/Wired Networks/Switches","200.06","1"
"22f0ccc8f2554541a6074ff174c304c9","Power supply Modecom VOLCANO 750 GOLD 750W ATX 2.31 80+Gold 120mm","Modecom","5901885244082","Powes supplies","70.00","2"
"88eefc11a3f44b25b957cae1d489a622","Compressed air INCORE 600 ml spray","Incore","5905490399007","Printer Supplies/Cleaning Accessories","2.02","150"
"2d0bfc329cc444c5977a52e2f6feb582","Set tuszy Brother LC-985 C/M/Y/K","Brother","5014047562112","Printer Supplies/Inkjet Ink Cartridges/Orginal Inkjet Ink Cartridges/Inkjet Ink Cartridges for Brother","32.49","2"
"c7c67f43b94b4a44b4d0ecc3abf69928","Set tuszy Brother LC123VALBP","Brother","5014047563225","Printer Supplies/Inkjet Ink Cartridges/Orginal Inkjet Ink Cartridges/Inkjet Ink Cartridges for Brother","47.77","2"
"04924bff201e46989624d5e5aa7486b9","Set tuszy Brother LC129XLVALBP CMYK XL","Brother","5014047566677","Printer Supplies/Inkjet Ink Cartridges/Orginal Inkjet Ink Cartridges/Inkjet Ink Cartridges for Brother","65.71","8"
"df07cc12a21447f19789658c25f90501","Ink cartridge Brother 529XLBK Black XL","Brother","4977766731393","Printer Supplies/Inkjet Ink Cartridges/Orginal Inkjet Ink Cartridges/Inkjet Ink Cartridges for Brother","5.68","50"
"7e6237a6887b4a3f9db399e2efeca136","Ink cartridge Brother BT5000C Cyan","Brother","4977766748766","Printer Supplies/Inkjet Ink Cartridges/Orginal Inkjet Ink Cartridges/Inkjet Ink Cartridges for Brother","4.47","10"
"00ff78300a3745379cac9f15a35bd984","Ink cartridge Brother BT5000M Magenta","Brother","4977766748773","Printer Supplies/Inkjet Ink Cartridges/Orginal Inkjet Ink Cartridges/Inkjet Ink Cartridges for Brother","4.53","30"
"d8cf6599f827414f99673b67fa08374b","Ink cartridge Brother BT5000Y Yellow","Brother","4977766748780","Printer Supplies/Inkjet Ink Cartridges/Orginal Inkjet Ink Cartridges/Inkjet Ink Cartridges for Brother","4.47","27"
"4fecf591f8574034b781d98132009103","Ink cartridge Brother LC3617C Cyan","Brother","4977766767644","Printer Supplies/Inkjet Ink Cartridges/Orginal Inkjet Ink Cartridges/Inkjet Ink Cartridges for Brother","5.89","8"
"12abed9a8d01493c8a5f1042e0f008e3","Ink cartridge BrotherLC3619XLM  magenta","Brother","4977766767699","Printer Supplies/Inkjet Ink Cartridges/Orginal Inkjet Ink Cartridges/Inkjet Ink Cartridges for Brother","10.05","3"
"e21d8223db1742b7b1bafd6896153b43","Ink cartridge Brother BTD60BK Black","Brother","4977766786331","Printer Supplies/Inkjet Ink Cartridges/Orginal Inkjet Ink Cartridges/Inkjet Ink Cartridges for Brother","5.95","29"
"1ee38b477c144b94bbd77d1772d80383","Ink cartridge Brother LC-3239XLY Yellow","Brother","4977766787956","Printer Supplies/Inkjet Ink Cartridges/Orginal Inkjet Ink Cartridges/Inkjet Ink Cartridges for Brother","45.35","2"
"dfc16649d99b47d2a1db6e140d34dfd2","Ink cartridge Brother LC-3239XLBK Black","Brother","4977766787864","Printer Supplies/Inkjet Ink Cartridges/Orginal Inkjet Ink Cartridges/Inkjet Ink Cartridges for Brother","46.32","8"
"15ed45802f97491ba9eb0284006e2b27","Ink cartridge Brother LC-3239XLM Magenta","Brother","4977766787925","Printer Supplies/Inkjet Ink Cartridges/Orginal Inkjet Ink Cartridges/Inkjet Ink Cartridges for Brother","45.09","2"
"dc453b8e73cd484b9c53530c43fa7067","Set tuszy Brother BT5000CLVAL C/M/Y","Brother","4977766826655","Printer Supplies/Inkjet Ink Cartridges/Orginal Inkjet Ink Cartridges/Inkjet Ink Cartridges for Brother","12.33","50"
"03b0a1f2290a4c93a657fafc3655a915","Ink cartridge Canon PG-545 Black","Canon","4960999974507","Printer Supplies/Inkjet Ink Cartridges/Orginal Inkjet Ink Cartridges/Inkjet Ink Cartridges for Canon","12.69","30"
"0e519a260c2140858e10a50476aee05a","Ink cartridge Canon CL-546 Color","Canon","4960999974521","Printer Supplies/Inkjet Ink Cartridges/Orginal Inkjet Ink Cartridges/Inkjet Ink Cartridges for Canon","15.38","27"
"2b6c78d4861b4531ac5d515ace8db596","Ink cartridge Canon PG-545 XL (black)","Canon","4960999974491","Printer Supplies/Inkjet Ink Cartridges/Orginal Inkjet Ink Cartridges/Inkjet Ink Cartridges for Canon","17.74","17"
"21713d4c6a5041d7aed4d6559f74497e","Ink cartridge Canon PG-545/CL-546 black + color 2x180str.","Canon","8714574680002","Printer Supplies/Inkjet Ink Cartridges/Orginal Inkjet Ink Cartridges/Inkjet Ink Cartridges for Canon","31.34","30"
"70213c8e53014cf3a96e86b4008456d8","Papier ksero Canon Yellow Label Print A4 80g - Karton 5x ryza (2500 arkuszy) Matowy","Canon","8713878092276","Printer Supplies/Paper","12.33","120"
"945b301e280f48179f01fd2f5dbc577f","Copy paper Xerox Performer, A4, karton 5x ryza (2500ark), 80g","Xerox","5017534506491","Printer Supplies/Paper","12.90","50"
"9adfa35390d7479584d88c5c73eea1c4","Printer drum Brother DR-3300","Brother","4977766708944","Printer Supplies/Printer Drums/Printer Drum for Brother","105.58","6"
"2bb9871eed9e424ab4ddcb2a6c6c7ec8","Printer drum Brother DR-1030","Brother","4977766721783","Printer Supplies/Printer Drums/Printer Drum for Brother","35.63","3"
"8c4cf53831e2417aafe62ac39f032ec3","Printer drum Brother DR-241CL","Brother","4977766718523","Printer Supplies/Printer Drums/Printer Drum for Brother","77.37","2"
"38ca662160fa4fb5bc25d46d7d9cc1f3","Printer drum Brother DR-3400","Brother","4977766755757","Printer Supplies/Printer Drums/Printer Drum for Brother","126.57","2"
"75d83f7c2ec949b887b5beb386b05035","Printer drum Brother DR-2590 Black 15000str.","Brother","4977766830096","Printer Supplies/Printer Drums/Printer Drum for Brother","58.60","4"
"1f22a583526e4a66b656158a4e538717","Printer drum Brother DR-2401 Black 12000str.","Brother","4977766779609","Printer Supplies/Printer Drums/Printer Drum for Brother","62.69","5"
"6f893b0b013c4025ba095e798c61e5c5","Toner INCORE for Brother TN2010 Black, 1200 str.","Incore","5906496000003","Printer Supplies/Toner Cartridge/INCORE Toner Cartridge Replacements/INCORE Toner Cartridge for Brother","6.34","10"
"b1839cbe97614cea93a6a795ee0f3454","Toner INCORE for Brother TN1030 Black, 1000 str.","Incore","5905490399069","Printer Supplies/Toner Cartridge/INCORE Toner Cartridge Replacements/INCORE Toner Cartridge for Brother","4.75","30"
"4ccc21f783274f3a93792c7dfe9dd011","Toner INCORE for Brother (TN2421) Black 3000 str. z chipem","Incore","5902837451688","Printer Supplies/Toner Cartridge/INCORE Toner Cartridge Replacements/INCORE Toner Cartridge for Brother","8.24","18"
"51c47ce9f15447bcab54a3e36503af89","Toner INCORE for Brother (TN2421) Black 3000 str. z chipem","Incore","5902837454153","Printer Supplies/Toner Cartridge/INCORE Toner Cartridge Replacements/INCORE Toner Cartridge for Brother","6.98","30"
"0970a765c15a48299022d61174801d71","Toner Incore for HP 149A (W1490X), black , 9500str.","Incore","5905490392268","Printer Supplies/Toner Cartridge/INCORE Toner Cartridge Replacements/INCORE Toner Cartridge for HP","40.24","30"
"24518c8ad94a48119618182f33c4cf78","Toner INCORE for Xerox 3335 Black 15000 str","Incore","5902837450797","Printer Supplies/Toner Cartridge/INCORE Toner Cartridge Replacements/INCORE Toner Cartridge for Xerox","21.86","2"
"2a59023e3ac046988b771441d945a448","Toner Brother TN-2010 Black, 1000 str.","Brother","4977766682718","Printer Supplies/Toner Cartridge/Oryginal Toner Cartridge/Toner Cartridge for Brother","28.21","2"
"f1ca7d9f57824ccd8f8ce596c3823dc7","Toner Brother TN-2120 Black, 2600 str.","Brother","4977766654203","Printer Supplies/Toner Cartridge/Oryginal Toner Cartridge/Toner Cartridge for Brother","57.57","4"
"1282a8312d274d77bf6324b0cd5809b5","Toner Brother TN-320M Magenta","Brother","4977766679367","Printer Supplies/Toner Cartridge/Oryginal Toner Cartridge/Toner Cartridge for Brother","61.89","5"
"8d9008e4467746fba032482c57bd7840","Toner Brother TN-320Y Yellow","Brother","4977766679374","Printer Supplies/Toner Cartridge/Oryginal Toner Cartridge/Toner Cartridge for Brother","62.58","5"
"0cb5b298623240988e0ab12a9c7aad06","Toner Brother TN-241BK black","Brother","4977766718387","Printer Supplies/Toner Cartridge/Oryginal Toner Cartridge/Toner Cartridge for Brother","52.35","5"
"770c271b12df455f92c01ce23fb82d7a","Toner Brother TN-241C cyan","Brother","4977766718400","Printer Supplies/Toner Cartridge/Oryginal Toner Cartridge/Toner Cartridge for Brother","51.19","4"
"88790b2bf4e7435faf2739b058f697b4","Toner Brother TN-241M magenta","Brother","4977766718424","Printer Supplies/Toner Cartridge/Oryginal Toner Cartridge/Toner Cartridge for Brother","51.79","4"
"f58ffaa7fbfe460fabc43fbd3525416c","Toner Brother TN-245Y yellow","Brother","4977766718509","Printer Supplies/Toner Cartridge/Oryginal Toner Cartridge/Toner Cartridge for Brother","74.19","5"
"43acb7b4676b47b3a4f1c715d757ab97","Toner Brother TN-2310 black","Brother","4977766738965","Printer Supplies/Toner Cartridge/Oryginal Toner Cartridge/Toner Cartridge for Brother","34.37","8"
"81e0cfcbcd6d495c9f2b55ef843f66a1","Toner Brother TN-1090 black","Brother","4977766760300","Printer Supplies/Toner Cartridge/Oryginal Toner Cartridge/Toner Cartridge for Brother","15.44","25"
"85e6dfb57b304d7d9baba126b877d2f9","Toner Brother TN-243BK Black","Brother","4977766787451","Printer Supplies/Toner Cartridge/Oryginal Toner Cartridge/Toner Cartridge for Brother","39.68","9"
"b5d29b8c727746f69f72c4a7f0da99d5","Toner Brother TN-2590XXL Black 5000str.","Brother","4977766830379","Printer Supplies/Toner Cartridge/Oryginal Toner Cartridge/Toner Cartridge for Brother","93.92","5"
"0eeb8cda72fb47d3959d831e8b1fc5f1","Inkjet printer Canon PIXMA iX6850 A3","Canon","4960999991214","Printers/Ink Printer","166.55","20"
"ed1ff394e4e64da5a1e9368940411d6b","Inkjet printer HP OfficeJet 200 Kolor","HP","0195697430763","Printers/Ink Printer","161.93","5"
"0c77298993474f4aba382a043c043f98","Laser printer HP LaserJet Pro 4202dn color","HP","0196068345600","Printers/Laser Printer/Laser Printer Color","250.48","5"
"b3f887510ff242a4a55c31c99fbbe996","Laser printer Kyocera ECOSYS PA3500cx kolor","Kyocera","0632983071625","Printers/Laser Printer/Laser Printer Color","300.32","3"
"82270d57644a4b72bc430b0c173e3980","Laser printer Xerox C310V_DNI","Xerox","0095205069433","Printers/Laser Printer/Laser Printer Color","209.80","3"
"c4495c7ceea64d29a1744b0df40bff19","Laser printer Brother HL-1110E","Brother","4977766721417","Printers/Laser Printer/Laser Printer Mono","68.87","2"
"64feb367b3ac4970898080e8f1653b0d","Printer termiczna mobilna Brother PJ-862","Brother","4977766820592","Printers/Laser Printer/Laser Printer Mono","325.98","1"
"ff5513eadaa54c0e82ba6ec3ccfed060","Laser printer Canon i-SENSYS LBP122dw (5620C001)","Canon","4549292196672","Printers/Laser Printer/Laser Printer Mono","132.36","5"
"193ae12d96a44576ba5fcea45cc53108","Laser printer HP LaserJet Pro M501dn","HP","0725184117596","Printers/Laser Printer/Laser Printer Mono","253.71","30"
"b7fbacdc3d2f4fe9816bb009c79c1f75","Laser printer Kyocera ECOSYS PA4500x","Kyocera","0632983080030","Printers/Laser Printer/Laser Printer Mono","299.32","10"
"d7844dd2144e45fc9f12ff900e2faaa0","Laser printer Kyocera ECOSYS PA5500x","Kyocera","0632983079973","Printers/Laser Printer/Laser Printer Mono","468.93","10"
"0bcd6e15b84a4cd8ae10416ed380417e","Laser printer Kyocera ECOSYS PA4000x","Kyocera","0632983084779","Printers/Laser Printer/Laser Printer Mono","197.16","10"
"86cd25f531a14b41b4e76d959718eabe","Laser printer Xerox Phaser 3020","Xerox","0095205863048","Printers/Laser Printer/Laser Printer Mono","65.90","2"
"ba50038589fb47e2bcc85e04c7b4ebe1","Laser printer Xerox B310DNI (B310V_DNI)","Xerox","0095205069365","Printers/Laser Printer/Laser Printer Mono","171.53","1"
"bd5af8bf7ef640c6a75fb272c934f120","Multi-function printer Brother DCP-T520W 3 w 1","Brother","4977766807630","Printers/Multi-Function Printer/Multi-Function Ink Printers","149.66","4"
"b1ceb6266e624b64b02e9e61e76b6792","Multi-function printer Brother MFC-T920DW 4 w 1","Brother","4977766807319","Printers/Multi-Function Printer/Multi-Function Ink Printers","229.82","5"
"4c29d8366cfd4df8ad6e75f77d1efb10","Multi-function printer Canon PIXMA TS7450A (4460C056) 3w1","Canon","4549292198584","Printers/Multi-Function Printer/Multi-Function Ink Printers","76.26","10"
"0a17e164409f44d6b0cfdc53f0520e5f","Multi-function printer HP Envy Inspire 7920e All-in-One (242Q0B) 3w1","HP","0195697743993","Printers/Multi-Function Printer/Multi-Function Ink Printers","90.05","1"
"85fa114190604fdeafe42e8d911a04ac","Multi-function printer HP Smart Tank 580 1F3Y2A 3w1","HP","0196068963514","Printers/Multi-Function Printer/Multi-Function Ink Printers","108.44","50"
"830038e22bde4c02a777a2f3ec40a85d","Multi-function printer HP DeskJet 2822e (588R4B) 3w1","HP","0196337820456","Printers/Multi-Function Printer/Multi-Function Ink Printers","36.26","6"
"e1d2e5da4f06443aa1261602430bf8ff","Multi-function printer HP DeskJet 2820e (588K9B) 3w1","HP","0196337380035","Printers/Multi-Function Printer/Multi-Function Ink Printers","32.77","30"
"f654c9521bc64a56b51328a236447f3f","Multi-function printer HP OfficeJet Pro 9130b 4w1","HP","0197029469397","Printers/Multi-Function Printer/Multi-Function Ink Printers","191.58","9"
"2c0ebc79b2bb450eabc663a5065540e6","Multi-function printer Brother DCP-1623WE 3w1","Brother","4977766792073","Printers/Multi-Function Printer/Multi-Function Laser Printer","122.24","5"
"6a489ce657ef46d7af97d96fae548d53","Multi-function printer Brother DCP-B7600D (DCPB7600DYJ1) 3w1","Brother","4977766831710","Printers/Multi-Function Printer/Multi-Function Laser Printer","155.79","2"
"a55c392a10c144758cd0059d68772abc","Urz¹dzenie wielofunkcyjne Brother DCP-L5510DW (DCPL5510DW) 3w1","Brother","4977766824552","Printers/Multi-Function Printer/Multi-Function Laser Printer","332.17","5"
"f3f1850d8dee4847902b76b531ea8a92","Multi-function printer Brother MFC-B7800DN (MFCB7800DNYJ1) 4w1","Brother","4977766831789","Printers/Multi-Function Printer/Multi-Function Laser Printer","210.77","2"
"c4d303997fec4cf2a4fa59a54e4efee2","Multi-function printer Brother MFC-B7810DW (MFCB7810DWYJ1) 4w1","Brother","4977766831796","Printers/Multi-Function Printer/Multi-Function Laser Printer","234.06","5"
"6db9d6a38ade418686cda5e7d6c7d38c","Multi-function printer Canon i-SENSYS MF237w 4 w 1","Canon","4549292065237","Printers/Multi-Function Printer/Multi-Function Laser Printer","188.56","27"
"2746c4e8afe041479e0454b37906266d","Multi-function printer HP Color LaserJet Pro 4302fdw (5HH64F) 4w1","HP","0196068323264","Printers/Multi-Function Printer/Multi-Function Laser Printer","363.91","7"
"cef4cd8f45c942e783ce95b2473ae19a","Multi-function printer HP LaserJet Tank 1604w (381L0A) 3w1","HP","0196068808099","Printers/Multi-Function Printer/Multi-Function Laser Printer","193.37","2"
"e28f754a6fad41f1b9a1de6e982918ff","Multi-function printer Kyocera ECOSYS MA2101cfx 4 w 1","Kyocera","0632983087237","Printers/Multi-Function Printer/Multi-Function Laser Printer","246.33","10"
"b3482d491c7e48c788c44159f6f42563","Multi-function printer Kyocera ECOSYS MA4500x 3w1","Kyocera","0632983080160","Printers/Multi-Function Printer/Multi-Function Laser Printer","561.23","2"
"afe5a89adf1b4c41a78b888c88c89f8b","Multi-function printer Xerox C235 (C235V_DNI) 4 w 1","Xerox","0095205069341","Printers/Multi-Function Printer/Multi-Function Laser Printer","216.82","7"
"fad736e7c44840c2970043eb0c8edf0b","Multi-function printer Xerox C315 (C315V_DNI) 4 w 1","Xerox","0095205069457","Printers/Multi-Function Printer/Multi-Function Laser Printer","382.55","3"
"bb3a441f2b574fa9a9cd842bc55fe411","Ceiling mount Maclean MC-581 for projektora 43-65cm 20kgsilver ","Maclean","5903292800578","Projectors and Accesories/Projector Accessories","8.68","17"
"91101ba0a92d4fd9963ef3da7139b699","Projector LED Kruger&Matz V-LED50 Wifi","Kruger&Matz","5901890058926","Projectors and Accesories/Video Projectors","97.15","1"
"740cb61b0bdd4bc5b4ea043b99ce34f0","Projector LED Kruger&Matz V-LED20","Kruger&Matz","5901890104838","Projectors and Accesories/Video Projectors","91.23","3"
"3a8fd8e4eb2b4eb88885f41ea0b27533","Drive HDD Asus Enterprise 2TB 3,5" SATA3 7200RPM (3.5"New HDD tray Tool-less)","Asus","4711081619192","Server Accessories","89.09","3"
"d1d3c2287ec14da7abb214555c2020f1","Drive HDD Asus Enterprise 4TB 3,5" SATA3 7200RPM (3.5"New HDD tray Tool-less)","Asus","4711081619215","Server Accessories","99.79","5"
"6a14c46b86df4bb3a6aab9691ef34111","Solid-state drive (SSD) Asus Enterprise PM9A3 960GB 2,5" NVME","Asus","4711081288169","Server Accessories","129.19","5"
"cc4389e2d9834a918e62d40541ebfa1e","Controller SAS Asus PIKE II 3108-8i-16PD/2G","Asus","4712900130249","Server Accessories","318.40","2"
"cb43c6a917b24fef8b4d2fe46e3afb1c","Drive Dell 1.2TB 10K RPM SAS 12Gbps 512n 2.5in Hot-plug Hard Drive 3.5in HYB CARR CK","Dell","","Server Accessories","164.13","1"
"c5a683c0ac8147228a4d21cb44114350","Drive Dell 600GB 10k 512n SAS ISE 12Gbps 2.5in Hot Plug Hard Drive CUS Kit","Dell","","Server Accessories","127.98","2"
"d38ae840c5474e9ca46e97be555d84be","Drive Dell 2TB HDD SATA 6Gbps 7.2K 512n 3.5in Hot-Plug, CUS Kit","Dell","","Server Accessories","160.02","4"
"ecf31b5a8c4149949c30ec82bde0a5f8","Drive Dell 480GB SSD SATA ISE RI 6Gbps 512e 2.5in Hot-Plug , CK","Dell","","Server Accessories","209.07","2"
"c71aebd9e83945c9a1c69bfa3489fbea","Software Windows Server 2025 Essential Edition 10 cores for serwerów Dell","Microsoft Corp.","","Server Accessories","332.16","3"
"fea9ef95102e463991f8bff622a134f6","Memory Dell Memory Upgrade - 32GB 2Rx8 DDR5 UDIMM 5600 MT/s ECC","Dell","5397184923146","Server Accessories","292.59","1"
"272b7a5f8bb94210b7151d614f7606a4","Serwer Dell PowerEdge R360 /E-2434/16GB/HDD600GB/H355/700W 3Y","Dell","","Servers","1800.26","1"
"10fd09c1883d4ebdb16fe158fa6fcecb","Serwer Dell PowerEdge R250 /E-2314/16GB/1x2TB HDD/H355/ 3Y NBD","Dell","","Servers","1252.44","4"
"c71cd48b95c54d4494c993e144e2ad15","Serwer Dell PowerEdge R250 /E-2334/16GB/1x480GB SSD/H355/ 3Y NBD","Dell","","Servers","1436.92","1"
"75c7f30699d74771855e58d9300d269f","Serwer Dell PowerEdge R360 /E-2414/16GB/SSD480GB/H355/iDRAC9/2x700W 3Y ProSupport NBD","Dell","","Servers","1697.44","1"
"0a845b80cbc84c0d950a76b62f11c3c5","Serwer Dell PowerEdge R260 /E-2414/16GB/SSD480GB/H355/iDRAC9/700W 3Y NBD","Dell","","Servers","1756.30","2"
"83ef69c075064d8a872c5ff0b3b80ad3","Serwer Dell PowerEdge R260 /E-2434/16GB/SSD480GB/H355/iDRAC9/700W 3Y NBD","Dell","","Servers","1785.12","2"
"26aabdb73bcd4776ad6f47c05061fc2e","Niania elektroniczna Esperanza LCD 2.0 Jacob","Esperanza","5901299955192","Smart Home/Video Baby Monitor","45.36","29"
"bfe06f6e384c49d3bd879ccd2d64d80d","Set kamer IP TP-Link Tapo C420S2 2K QHD 2 kamery + hub","TP-Link Systems Inc.","4897098688052","Smart Home/Video Baby Monitor","151.03","1"
"1f0216df6f7c4e379c2e19f132f00843","Phone TCL 501black ","TCL","4894461985282","Smartphones, Smartwatches and Accessories/Smartphones","36.69",""
"c5029d92dfad4f2190ab37f3b5731b6a","Opaska inteligentna Xiaomi Smart Band 8 Pro Black (53488)","XIAOMI","6941812763285","Smartphones, Smartwatches and Accessories/Smartwatches and Bands","50.67","3"
"75cf25907dac470d9a9ab2628ca8cecd","Opaska inteligentna Xiaomi Smart Band 9 Active Beige White (59882)","XIAOMI","6941812706312","Smartphones, Smartwatches and Accessories/Smartwatches and Bands","17.72","2"
"7df3d47f6f2441f5ba98c094b294faa0","Software ESET NOD32 Antivirus 1 user, 12 m-cy, koperta","Eset","5907758061220","Software/Antivirus and Security/oem, box","19.27","67"
"140d383e81ac4e5d96a12da83806a1b6","Software ESET NOD32 Antivirus 3U 12M, koperta","Eset","5907758062289","Software/Antivirus and Security/oem, box","26.23","8"
"32e00a13955a48ea983b3658a272831a","Software ESET NOD32 Antivirus 5U 12M, koperta","Eset","5907758065778","Software/Antivirus and Security/oem, box","33.25","12"
"9bf61d94a5ce48488a6571979e26f7ae","Software ESET NOD32 Antivirus 1 user, 24 m-cy, koperta","Eset","5907758061237","Software/Antivirus and Security/oem, box","38.87","5"
"70efd34fea594f49986fa7ab2cea0051","Software ESET NOD32 Antivirus 3U 24M, koperta","Eset","5907758062296","Software/Antivirus and Security/oem, box","53.37","3"
"37045467d35f4d4a85376d493afb79af","Software ESET NOD32 Antivirus 1 user,36 m-cy, koperta","Eset","5907758061244","Software/Antivirus and Security/oem, box","57.83","5"
"0649ff1d8c9b4a70a15e990a2cf61733","Software ESET NOD32 Antivirus 5U 36M, koperta","Eset","5907758065792","Software/Antivirus and Security/oem, box","101.26","5"
"f5c05fa01d7e4c1192c895b09a5ede3c","Software Eset Home Security Essential 1U 12M koperta [zamiennik Internet Security BOX]","Eset","5907758066782","Software/Antivirus and Security/oem, box","26.00","46"
"e2fbb35e722a4332bfbdbde5b9b6d571","Software Eset Home Security Essential 3U 12M koperta [zamiennik Internet Security BOX]","Eset","5907758066843","Software/Antivirus and Security/oem, box","33.35","30"
"1276d3f4af0b4ee782727c788ad47704","Software Eset Home Security Essential 3U 24M koperta [zamiennik Internet Security BOX]","Eset","5907758066850","Software/Antivirus and Security/oem, box","66.21","7"
"26c5da3341ee469f81965b60ba90d96b","Software Eset Home Security Essential 1U 36M koperta [zamiennik Internet Security BOX]","Eset","5907758066805","Software/Antivirus and Security/oem, box","78.66","2"
"1fc83f9881084ba6a5e07855764c97d3","Software Eset Home Security Essential 1U 24M koperta [zamiennik Internet Security BOX]","Eset","5907758066799","Software/Antivirus and Security/oem, box","52.36","7"
"f14bcf06a2944d708f6cfe59a7bff10b","Software Eset Home Security Essential 3U 36M koperta [zamiennik Internet Security BOX]","Eset","5907758066867","Software/Antivirus and Security/oem, box","98.79","3"
"3ef215552bfa420db46118a02106f316","Software ESET Home Security Premium 1U 12M koperta [zamiennik Smart Security Premium BOX]","Eset","5907758067086","Software/Antivirus and Security/oem, box","32.79","1"
"77cb18a0e3dd47a49c750a806928d9e8","Software ESET Home Security Premium 1U 24M koperta [zamiennik Smart Security Premium BOX]","Eset","5907758067093","Software/Antivirus and Security/oem, box","67.18","5"
"cf83db817196451996ec5adaac9c6ee2","Software ESET Home Security Premium 1U 36M koperta [zamiennik Smart Security Premium BOX]","Eset","5907758067109","Software/Antivirus and Security/oem, box","99.49","5"
"64d23cccc80f4b07969cf46e09f86182","Software ESET Home Security Essential 10U 12M koperta [zamiennik Internet Security BOX]","Eset","5907758067024","Software/Antivirus and Security/oem, box","57.99","14"
"47554f39615c4a0ea74690c29749b037","Software ESET Home Security Premium 3U 12M koperta [zamiennik Smart Security Premium BOX]","Eset","5907758067147","Software/Antivirus and Security/oem, box","40.50","5"
"3490735585c14f028fe836c8d234348f","Software ESET Home Security Premium 3U 24M koperta [zamiennik Smart Security Premium BOX]","Eset","5907758067154","Software/Antivirus and Security/oem, box","81.61","3"
"00f0d70d0b24444fb561e3b0d15b8b32","Software ESET Home Security Premium 3U 36M koperta [zamiennik Smart Security Premium BOX]","Eset","5907758067161","Software/Antivirus and Security/oem, box","120.08","2"
"b5c925f314dc4d3cb0d36ef832c9abe6","Software ESET Home Security Premium 5U 12M koperta [zamiennik Smart Security Premium BOX]","Eset","5907758067208","Software/Antivirus and Security/oem, box","47.53","9"
"f1be326062884ba88686fd4e695e0454","Software ESET Home Security Ultimate 5U 12M koperta","Eset","5907758067321","Software/Antivirus and Security/oem, box","81.24","5"
"5ea1890f0a07427f942f431faa112f71","Software ESET Home Security Ultimate 10U 12M koperta","Eset","5907758067383","Software/Antivirus and Security/oem, box","99.95","4"
"d8f8452f65a9438cb270c064645e9c31","Software ESET NOD32 Antivirus BOX 3U 12M przed³u¿enie","Eset","5907758062739","Software/Antivirus and Security/oem, box","25.93","28"
"303012de9b2c48a09e59a2a2e51b9901","Software ESET NOD32 Antivirus BOX 3U 24M przed³u¿enie","Eset","5907758065808","Software/Antivirus and Security/oem, box","53.38","3"
"86d6b822d8354170914b660f346fb20e","Software ESET NOD32 Antivirus BOX 5U 12M przed³u¿enie","Eset","5907758065822","Software/Antivirus and Security/oem, box","33.48","5"
"3cc014c9c05b4072a908a54d10c9bf2a","Software Eset Home Security Essential 3U 12M koperta [zamiennik Internet Security BOX] przed³u¿enie","Eset","5907758066874","Software/Antivirus and Security/oem, box","33.25","13"
"c96966fec2b749f2827b933aa5b75d70","Software Eset Home Security Essential 1U 36M koperta [zamiennik Internet Security BOX] przed³u¿enie","Eset","5907758066836","Software/Antivirus and Security/oem, box","80.06","2"
"49a16acf15b9489ba30f6452e684ec86","Software Eset Home Security Essential 1U 24M koperta [zamiennik Internet Security BOX] przed³u¿enie","Eset","5907758066829","Software/Antivirus and Security/oem, box","53.37","6"
"b9a6037ddea14730886af1453f2273d1","Software Eset Home Security Essential 1U 12M koperta [zamiennik Internet Security BOX] przed³u¿enie","Eset","5907758066812","Software/Antivirus and Security/oem, box","26.08","15"
"5fa65cd9308e428c9a82332e7d1f5cd9","Software Eset Home Security Essential 3U 24M koperta [zamiennik Internet Security BOX] przed³u¿enie","Eset","5907758066881","Software/Antivirus and Security/oem, box","67.49","6"
"cbc64111ce70455d8f5d42f117cd3dff","Software Eset Home Security Essential 3U 36M koperta [zamiennik Internet Security BOX] przed³u¿enie","Eset","5907758066898","Software/Antivirus and Security/oem, box","101.24","6"
"3b461b9b940f4bae8c212b8a074767d3","Software Eset Home Security Essential 6U 12M koperta [zamiennik Internet Security BOX] przed³u¿enie","Eset","5907758066997","Software/Antivirus and Security/oem, box","43.20","12"
"651160bc331c4113895d975b17524277","Software ESET NOD32 Antivirus 1 user, 12 m-cy, przed³u¿enie, BOX","Eset","5907758061312","Software/Antivirus and Security/oem, box","19.12","25"
"e4f90ad977a3493885727eae40424151","Software ESET NOD32 Antivirus 1 user, 24 m-cy, przed³u¿enie, BOX","Eset","5907758061329","Software/Antivirus and Security/oem, box","38.17","3"
"acc7621a21514380b65050008c40a401","Software ESET NOD32 Antivirus 1 user,36 m-cy, przed³u¿enie, BOX","Eset","5907758061336","Software/Antivirus and Security/oem, box","57.20","5"
"c3037a79e53241629fcf2a69443a0b77","Software NORTON 360 STANDARD 10GB PL 1 u¿ytkownik, 1 urz¹dzenie, 1 rok","NORTONLIFELOCK","5397231004675","Software/Antivirus and Security/oem, box","11.42","46"
"1ee0748ac57e4cf4a3bb21fbaec9c065","Software NORTON 360 Deluxe 25GB PL 1 u¿ytkownik, 3 urz¹dzenia, 1 rok","NORTONLIFELOCK","5397231004750","Software/Antivirus and Security/oem, box","15.20","43"
"0aaa37564e3e4fb991f18fa7bdf1564a","Software NORTON 360 Deluxe 50GB PL 1 u¿ytkownik, 5 urz¹dzeñ, 1 rok","NORTONLIFELOCK","5397231004668","Software/Antivirus and Security/oem, box","16.95","40"
"8bcf3ad8d36944a48f2379e93c71781a","Software NORTON 360 Premium 75GB PL 1 u¿ytkownik, 10 urz¹dzeñ, 1 rok","NORTONLIFELOCK","5397231004743","Software/Antivirus and Security/oem, box","20.19","24"
"fff6f0dd329e4c928f1bd4dc898ddd87","Software NORTON 360 PLATINUM 100GB PL 1 u¿ytkownik 20 urz¹dzeñ","NORTONLIFELOCK","5397231015879","Software/Antivirus and Security/oem, box","25.17","20"
"97bf6355835b4abab3d19fec0429f69a","Software Norton Small Business 2.0 250GB PL 1 USER 20 DEVICE 12MO GENERIC MM","NORTONLIFELOCK","5397231030858","Software/Antivirus and Security/oem, box","87.27","2"
"d37b8ae5342a4943b5b9a9cece4ff6d7","Software Norton Small Business Premium 2.0 500GB PL 1 USER 10 DEVICE 12MO GENERIC MM","NORTONLIFELOCK","5397231030834","Software/Antivirus and Security/oem, box","87.27","4"
"09aab8b3e5684c818e12097766b61b35","Software Norton Small Business Premium 2.0 500GB PL 1 USER 20 DEVICE 12MO GENERIC MM","NORTONLIFELOCK","5397231030865","Software/Antivirus and Security/oem, box","131.04","2"
"ce61a4351a1147db8f24b4e7f6185d0e","Program Corel DRAW Graphics Suite 2024 BOX WIN/MAC","Corel","0735163166576","Software/Multimedialne","438.71","1"
"8be4328e09134539be8d35b690e082b6","Program CorelDRAW Graphics Suite Special Edition 2024 BOX","Corel","0735163166798","Software/Multimedialne","149.29","7"
"042da373a5184aca87ef5a2516cbf6b0","Program CorelDRAW Graphics Suite 2025 BOX WIN/MAC","Corel","0735163167009","Software/Multimedialne","535.25","2"
"708e301b35394ff3922e9c88629ed456","Software InsERT - Gratyfikant GT","Insert","5907616102065","Software/Office Software","215.96","3"
"84ef1e2796f747a9800ad884d2b9f957","Software InsERT - Rachmistrz GT","Insert","5907616102010","Software/Office Software","61.11","5"
"cf81a08ed5664f5b85deff9c893874b8","Software InsERT - Rewizor GT","Insert","5907616102027","Software/Office Software","221.81","3"
"ff36a5e664cb4e9c9612712370da6949","Software InsERT - Subiekt GT","Insert","5907616102003","Software/Office Software","116.67","9"
"97031fb05ddb404fb28ea6d9d7844542","Software InsERT - Subiekt 123set  podstawowy - licencja on 12 miesiêcy","Insert","5907616103116","Software/Office Software","25.74","4"
"7c060579134141eca47c8a99afec4508","Software Microsoft Office Home & Business 2024 ENG Win/Mac","Microsoft Corp.","0196388410088","Software/Office Software","181.61","48"
"e571ca04824e4328a9d228457d609fef","Software Microsoft Office Home and Student 2021 Polish P8 EuroZone 1 License Medialess","Microsoft Corp.","0889842855050","Software/Office Software","91.75","19"
"595ad00a9be545c2a87626d49c2d55d9","Software Microsoft Office Home and Business 2024 PL EuroZone BOX","Microsoft Corp.","0196388410521","Software/Office Software","185.14","100"
"3de091c423f6434983a669fff7c5441e","Oprogramowanie Microsoft M365 Personal PL 1Y 1U 5D Win/Mac EP2-32454","Microsoft Corp.","0196388539758","Software/Office Software","41.52","95"
"e77cef57bf7d449b8a4abf728ee484d6","Oprogramowanie Microsoft M365 Family PL 1Y 6U Win/Mac EP2-32382","Microsoft Corp.","0196388539031","Software/Office Software","64.72","99"
"39d1c3ee750c47c7b30246aa361649aa","Licence ESD Office Home & Business 2021 - 1 PC","Microsoft Corp.","","Software/Office Software","174.07",""
"dc128629d75744a5bf2569eeb58373a9","Licence ESD Microsoft Office Home and Business 2024 All Lng EuroZone Retail Online ESD","Microsoft Corp.","","Software/Office Software","180.01",""
"e157212a9b484e83b955aed9ba6d8c39","Licence ESD Microsoft Office Home 2024 All Languages EuroZone Online Product Key","Microsoft Corp.","","Software/Office Software","105.90",""
"0f1ee2f63a0a496da349f1caa50bf265","Licence ESD Microsoft M365 Apps for Business 1Y 1U AllLanguages","Microsoft Corp.","","Software/Office Software","88.56",""
"c989c9e1d20048a49d0130f7ce5ab8cb","Licence ESD Microsoft Visio Standard 2024 All Languages Online Product Key","Microsoft Corp.","","Software/Office Software","345.44",""
"07314eacf21941ba9e36e2cddcb14863","Licence ESD Microsoft Visio Professional 2024 All Languages Online Product Key","Microsoft Corp.","","Software/Office Software","654.30",""
"fbc87fe0526b454da1c0fc62b9dfad16","Licence ESD Microsoft Project Standard 2024 All Languages Online Product Key","Microsoft Corp.","","Software/Office Software","702.42",""
"9685678614d4416a8b2cf2745c0d0f9b","Licence ESD Microsoft Project Professional 2024 All Languages Online Product Key","Microsoft Corp.","","Software/Office Software","1178.22",""
"f73428b9229243a98b0a5c792307e55f","Licence ESD Microsoft 365 Family - Licencja on subskrypcjê (1 rok) -  for  6x PC/ Mac +  for  6x tablet - 32/64-bit - Wszystkie jêzyki","Microsoft Corp.","","Software/Office Software","66.70",""
"1911fbe94e41438a8f88be912feba76e","Licence ESD Microsoft 365 Personal - Licencja on subskrypcjê (1 rok) - 32/64-bit - Wszystkie jêzyki","Microsoft Corp.","","Software/Office Software","45.40",""
"0f743a0985c3406498e107cc61b97e7b","Licence ESD Microsoft 365 Business Standard 1Y 1U Win/Mac 32/64bit AllLng DwnLd EuroZone","Microsoft Corp.","","Software/Office Software","83.97",""
"3062799eb3874b17aaff4d2c07925bdd","Licence Microsoft ESD Windows 11 Home AllLng 64bit DwnLd KW9-00664 ","Microsoft Corp.","","Software/Office Software","99.87",""
"98ca1837e5fa4b8b9c73021cf8eacea4","Licence Microsoft ESD Windows 11 Pro AllLng 64bit DwnLd FQC-10572","Microsoft Corp.","","Software/Office Software","175.81",""
"7b5f7e82c5ba40f98b8fac24b46bd935","Software Microsoft Windows Home 11 PL Box 64bit USB ","Microsoft Corp.","0889842966725","Software/Operating Systems","101.05","23"
"c70e946649484a06b834f3d1abb17016","Software Microsoft Windows Pro 11 PL Box 64bit USB ","Microsoft Corp.","0889842967074","Software/Operating Systems","174.89","16"
"50aaf21402114a0b802496e4d0f2ed86","Software Windows 11 Pro 64Bit Polish 1pk DSP OEI DVD","Microsoft Corp.","0889842906059","Software/Operating Systems","116.36",""
"7c3257a389f7435bb7436e31d7419d21","Software Windows 11 Home 64Bit Polish 1pk DSP OEI DVD","Microsoft Corp.","0889842905427","Software/Operating Systems","90.64","33"
"4c4831618d5a4eb4ab9828df90c23031","Software Windows Server Standard 2022 64Bit Polish DVD 16 Core","Microsoft Corp.","0889842769951","Software/Server Operating Systems","723.70","4"
"8ffc1de00c2d48cd9672ad43507c054f","Software Windows Server Standard 2025 64Bit Polish 1pk DSP OEI DVD 16 Core","Microsoft Corp.","0196388487172","Software/Server Operating Systems","766.49","5"
"b4ff5e1752f7425183c6fd39c2440a6d","Software Windows Server CAL 2022 Polish 5 Clt Device CAL","Microsoft Corp.","0889842771626","Software/Server Operating Systems","136.02","8"
"0bc49384582544b792fbd34b606d5b19","Software Windows Server CAL 2022 Polish 5 Clt USER CAL","Microsoft Corp.","0889842771985","Software/Server Operating Systems","176.38","5"
"8dd4c0fb38b04e1d8d55adb6c4aea63a","Software Windows Server CAL 2025 Polish 1pk DSP OEI 5 Clt Device CAL","Microsoft Corp.","0196388487738","Software/Server Operating Systems","144.79","10"
"2814a3a9ee9f43d2b30d64dbae8ef02c","Software Windows Server CAL 2025 Polish 1pk DSP OEI 5 Clt User CAL","Microsoft Corp.","0196388488094","Software/Server Operating Systems","192.41","7"
"bf28fdb145dc47c3b89b409ebb248a55","Software Dell ROK Windows Server CAL 2022 User 10Clt","Microsoft Corp.","","Software/Server Operating Systems","391.82","4"
"40031efd35864a268eae99f485e119e5","IP camera UBIQUITI UniFi G5 Flex UVC-G5-Flex 5MP CMOS Sensor IPX4, IK04","Ubiquiti Networks Inc","0810084690222","Surveillance and Security/Security Cameras","115.38",""
"f4559ad154f640248006970fe06a7861","Camera Xblitz Armor 500EXTERNAL IP z Wi-Fi","Xblitz","5902479674384","Surveillance and Security/Security Cameras","31.34","10"
"c6eeb542916646e5a77ba5d8833718f2","Tablet Kruger&Matz FUN 708 blue","Kruger&Matz","5901890106290","Tablets","46.42","3"
"9f2859267fb144b88394efd0f40a4719","Tablet Kruger&Matz KM1074 10,4" EAGLE 1074","Kruger&Matz","5901890097543","Tablets","97.28","2"
"ee9a300b281142749d8cc799b9fa3832","Tablet Kruger&Matz KM1075 10,4" EAGLE 1075","Kruger&Matz","5901890097567","Tablets","114.74","5"
"0bb24e8804ad41caa11fd9d970e32067","Tablet Lenovo Tab M11 11"/4GB/128GB/WiFi/Android13 Grey","Lenovo","0197532684140","Tablets","113.10","10"
"445ec48e0f2a40faace1811bf8e965f8","Tablet TCL TAB 10L WIFI GEN 2 Czarny","TCL","4894461973661","Tablets","71.52","19"
"d5b4031e8a8b48a19da22213f2ec2ac6","Tablet TCL TAB 11 FE WIFI 4/128GB Szary","TCL","4894461733937","Tablets","100.98","20"
"8ad162e65bed427f9842034f523b7c99","Tuner cyfrowy Esperanza EV106R DVB-T/T2 H.265/HEVC","Esperanza","5901299957776","TV Converters/TV Converters","11.53","25"
"40cfeab3abad474d871a09e92f62150c","Gel battery CSB GP12170 B1 12V 17Ah","CSB","5904006036986","UPS and Accessories/UPS Batteries and Accessories","40.72","11"
"228bb3f36e2049d6aadfbac612d09db4","Card styków bezpotencja³owych Ever for Powerline RT PLUS","Ever","5907683605667","UPS and Accessories/UPS Batteries and Accessories","129.57","2"
"d71024ede92e4334b576b735e63bbc02","Uninterruptible power supply UPS Armac 1000VA LCD Line-Interactive 4x230V IEC Rack 19"","ARMAC","5901969421361","UPS and Accessories/UPS Units","184.39","3"
"ff2d1f49348a412c91cc19bcd6391a01","Uninterruptible power supply UPS Armac 3000VA LCD Line-Interactive 8x230V IEC Rack 19"","ARMAC","5901969421385","UPS and Accessories/UPS Units","319.05","1"
"8755e5f8216249acbdab54761fa32f40","Uninterruptible power supply UPS APC BK500EI Back 500, 230V, USB","APC By Schneider Electric","0731304016359","UPS and Accessories/UPS Units","132.82","1"
"a687b7ba607b421085d85827e982053d","Uninterruptible power supply UPS Ever Line-Interactive Sinline USB HID 1200VA","Ever","5907683606527","UPS and Accessories/UPS Units","285.06","1"
